barcode,sample,clone,max_prob,tree
HD_BM_3__AAACCTGAGACTAGAT-1,HD_BM_3,1,0.5393,1
HD_BM_3__AAACCTGCAAGGTTCT-1,HD_BM_3,2,0.3571,1
HD_BM_3__AAACCTGGTCTAGTCA-1,HD_BM_3,1,0.5922,1
HD_BM_3__AAACCTGGTTACAGAA-1,HD_BM_3,1,0.6004,1
HD_BM_3__AAACCTGTCACATGCA-1,HD_BM_3,2,0.9962,1
HD_BM_3__AAACGGGAGCACCGCT-1,HD_BM_3,2,0.8317,1
HD_BM_3__AAACGGGCAATGTTGC-1,HD_BM_3,1,0.5806,1
HD_BM_3__AAACGGGTCAATCACG-1,HD_BM_3,1,0.5437,1
HD_BM_3__AAACGGGTCCTGCTTG-1,HD_BM_3,1,0.6694,1
HD_BM_3__AAAGATGGTGATGATA-1,HD_BM_3,1,0.5518,1
HD_BM_3__AAAGATGTCCTCATTA-1,HD_BM_3,1,0.5437,1
HD_BM_3__AAAGATGTCTGTCAAG-1,HD_BM_3,2,0.7754,1
HD_BM_3__AAAGCAAGTGCACCAC-1,HD_BM_3,1,0.5676,1
HD_BM_3__AAAGCAATCAGTTTGG-1,HD_BM_3,2,0.829,1
HD_BM_3__AAAGCAATCGCCAAAT-1,HD_BM_3,1,0.5642,1
HD_BM_3__AAAGTAGCAGTATCTG-1,HD_BM_3,1,0.798,1
HD_BM_3__AAATGCCGTTAAAGAC-1,HD_BM_3,1,0.5801,1
HD_BM_3__AAATGCCTCCACGTTC-1,HD_BM_3,2,0.8627,1
HD_BM_3__AAATGCCTCCGTCAAA-1,HD_BM_3,1,0.5187,1
HD_BM_3__AAATGCCTCGTCACGG-1,HD_BM_3,1,0.6042,1
HD_BM_3__AAATGCCTCTTAGCCC-1,HD_BM_3,1,0.5599,1
HD_BM_3__AACACGTAGATGTCGG-1,HD_BM_3,2,0.9871,1
HD_BM_3__AACACGTAGTACGCCC-1,HD_BM_3,2,0.8043,1
HD_BM_3__AACACGTAGTCGTACT-1,HD_BM_3,1,0.5388,1
HD_BM_3__AACACGTAGTGCGTGA-1,HD_BM_3,1,0.5103,1
HD_BM_3__AACACGTGTAGGGACT-1,HD_BM_3,2,0.848,1
HD_BM_3__AACACGTGTCTAGTGT-1,HD_BM_3,1,0.5311,1
HD_BM_3__AACACGTTCCACGTGG-1,HD_BM_3,1,0.5189,1
HD_BM_3__AACACGTTCTGCCAGG-1,HD_BM_3,2,0.709,1
HD_BM_3__AACCATGAGGTCGGAT-1,HD_BM_3,1,0.5309,1
HD_BM_3__AACCATGCAGATCGGA-1,HD_BM_3,2,0.9958,1
HD_BM_3__AACCATGCAGTATGCT-1,HD_BM_3,1,0.5185,1
HD_BM_3__AACCATGGTCCATCCT-1,HD_BM_3,2,0.8609,1
HD_BM_3__AACCATGTCACGCATA-1,HD_BM_3,1,0.5434,1
HD_BM_3__AACCATGTCTTTACGT-1,HD_BM_3,2,0.9457,1
HD_BM_3__AACCGCGCAAAGCGGT-1,HD_BM_3,1,0.5559,1
HD_BM_3__AACCGCGGTGAGGCTA-1,HD_BM_3,1,0.5845,1
HD_BM_3__AACCGCGGTGCCTGGT-1,HD_BM_3,1,0.5476,1
HD_BM_3__AACCGCGTCAGGCAAG-1,HD_BM_3,2,0.7901,1
HD_BM_3__AACGTTGAGACCTAGG-1,HD_BM_3,1,0.5347,1
HD_BM_3__AACGTTGAGGTAAACT-1,HD_BM_3,2,0.7077,1
HD_BM_3__AACGTTGCAGTCCTTC-1,HD_BM_3,2,0.5099,1
HD_BM_3__AACGTTGCATCCTAGA-1,HD_BM_3,1,0.5843,1
HD_BM_3__AACTCAGAGGCCCTCA-1,HD_BM_3,1,0.5602,1
HD_BM_3__AACTCAGCATTTCAGG-1,HD_BM_3,2,0.7832,1
HD_BM_3__AACTCAGTCTAAGCCA-1,HD_BM_3,2,0.5015,1
HD_BM_3__AACTCCCGTCACTTCC-1,HD_BM_3,1,0.5923,1
HD_BM_3__AACTCCCTCAATAAGG-1,HD_BM_3,1,0.552,1
HD_BM_3__AACTCCCTCACCGGGT-1,HD_BM_3,1,0.5886,1
HD_BM_3__AACTCCCTCCTTTACA-1,HD_BM_3,1,0.5436,1
HD_BM_3__AACTCTTTCGGATGGA-1,HD_BM_3,1,0.5802,1
HD_BM_3__AACTGGTAGCCTCGTG-1,HD_BM_3,2,0.8129,1
HD_BM_3__AACTGGTCATTGTGCA-1,HD_BM_3,1,0.5642,1
HD_BM_3__AACTGGTGTCTTCGTC-1,HD_BM_3,1,0.5355,1
HD_BM_3__AACTGGTTCAGTGTTG-1,HD_BM_3,1,0.5841,1
HD_BM_3__AACTTTCAGCTCCTTC-1,HD_BM_3,2,0.506,1
HD_BM_3__AACTTTCAGTTCGCAT-1,HD_BM_3,1,0.584,1
HD_BM_3__AACTTTCCAACACCCG-1,HD_BM_3,1,0.527,1
HD_BM_3__AACTTTCGTTGCGTTA-1,HD_BM_3,1,0.523,1
HD_BM_3__AACTTTCTCTTTACGT-1,HD_BM_3,1,0.5104,1
HD_BM_3__AAGACCTTCTTCATGT-1,HD_BM_3,1,0.5473,1
HD_BM_3__AAGCCGCCAGACAGGT-1,HD_BM_3,1,0.5681,1
HD_BM_3__AAGCCGCCAGCATGAG-1,HD_BM_3,1,0.5801,1
HD_BM_3__AAGCCGCCATAGAAAC-1,HD_BM_3,1,0.5186,1
HD_BM_3__AAGCCGCTCCTAGGGC-1,HD_BM_3,2,0.7473,1
HD_BM_3__AAGCCGCTCTAAGCCA-1,HD_BM_3,1,0.6302,1
HD_BM_3__AAGGAGCAGCATCATC-1,HD_BM_3,1,0.5435,1
HD_BM_3__AAGGAGCCATAGGATA-1,HD_BM_3,1,0.5419,1
HD_BM_3__AAGGAGCGTACCGAGA-1,HD_BM_3,2,0.5053,1
HD_BM_3__AAGGTTCCACATGACT-1,HD_BM_3,1,0.5335,1
HD_BM_3__AAGGTTCCACCAGATT-1,HD_BM_3,1,0.5555,1
HD_BM_3__AAGGTTCTCTCTAGGA-1,HD_BM_3,1,0.5269,1
HD_BM_3__AAGTCTGAGACTAGGC-1,HD_BM_3,1,0.5674,1
HD_BM_3__AAGTCTGCACAAGACG-1,HD_BM_3,1,0.4623,1
HD_BM_3__AATCCAGCAGCGTAAG-1,HD_BM_3,1,0.5137,1
HD_BM_3__AATCCAGCAGCTGTGC-1,HD_BM_3,1,0.5271,1
HD_BM_3__AATCCAGCATCACCCT-1,HD_BM_3,1,0.5284,1
HD_BM_3__AATCCAGGTCCGACGT-1,HD_BM_3,2,0.8685,1
HD_BM_3__AATCCAGGTGTGAAAT-1,HD_BM_3,1,0.5352,1
HD_BM_3__AATCCAGTCACCTCGT-1,HD_BM_3,2,0.3425,1
HD_BM_3__AATCCAGTCTGGGCCA-1,HD_BM_3,1,0.5603,1
HD_BM_3__AATCGGTCATCGATTG-1,HD_BM_3,1,0.5351,1
HD_BM_3__AATCGGTCATGGTCAT-1,HD_BM_3,1,0.5719,1
HD_BM_3__AATCGGTTCATGTCTT-1,HD_BM_3,1,0.5351,1
HD_BM_3__ACACCAAAGCGTCTAT-1,HD_BM_3,1,0.56,1
HD_BM_3__ACACCAACATTGGGCC-1,HD_BM_3,2,0.5141,1
HD_BM_3__ACACCAAGTGTCTGAT-1,HD_BM_3,1,0.5641,1
HD_BM_3__ACACCAAGTTACGGAG-1,HD_BM_3,1,0.5997,1
HD_BM_3__ACACCCTCAGCCTTTC-1,HD_BM_3,1,0.5558,1
HD_BM_3__ACACCCTGTTTGTGTG-1,HD_BM_3,1,0.552,1
HD_BM_3__ACACCCTTCCGAAGAG-1,HD_BM_3,1,0.5517,1
HD_BM_3__ACACCCTTCGTCTGAA-1,HD_BM_3,2,0.839,1
HD_BM_3__ACACCGGCAATAACGA-1,HD_BM_3,1,0.556,1
HD_BM_3__ACACCGGTCTCCAGGG-1,HD_BM_3,1,0.5021,1
HD_BM_3__ACACTGAGTTCGTTGA-1,HD_BM_3,1,0.5873,1
HD_BM_3__ACAGCCGCACGCGAAA-1,HD_BM_3,2,0.7234,1
HD_BM_3__ACAGCCGCATATACGC-1,HD_BM_3,2,0.5018,1
HD_BM_3__ACAGCTAAGATTACCC-1,HD_BM_3,1,0.5683,1
HD_BM_3__ACAGCTAAGCACAGGT-1,HD_BM_3,2,0.7909,1
HD_BM_3__ACAGCTAAGGACATTA-1,HD_BM_3,1,0.5392,1
HD_BM_3__ACAGCTACACATCCAA-1,HD_BM_3,1,0.5437,1
HD_BM_3__ACAGCTACAGTAGAGC-1,HD_BM_3,1,0.5518,1
HD_BM_3__ACAGCTACATAGACTC-1,HD_BM_3,1,0.5858,1
HD_BM_3__ACAGCTAGTGACCAAG-1,HD_BM_3,2,0.8025,1
HD_BM_3__ACATACGGTTCTGGTA-1,HD_BM_3,1,0.527,1
HD_BM_3__ACATACGTCCAGAAGG-1,HD_BM_3,1,0.5546,1
HD_BM_3__ACATCAGAGAGAACAG-1,HD_BM_3,2,0.8069,1
HD_BM_3__ACATCAGGTTCTGTTT-1,HD_BM_3,1,0.4917,1
HD_BM_3__ACATGGTGTTCCGTCT-1,HD_BM_3,2,0.7707,1
HD_BM_3__ACATGGTTCGTACGGC-1,HD_BM_3,1,0.5763,1
HD_BM_3__ACCAGTACACCATCCT-1,HD_BM_3,1,0.5925,1
HD_BM_3__ACCAGTAGTGCGAAAC-1,HD_BM_3,1,0.5228,1
HD_BM_3__ACCAGTAGTGTCAATC-1,HD_BM_3,2,0.5017,1
HD_BM_3__ACCCACTCAAGCCTAT-1,HD_BM_3,1,0.5762,1
HD_BM_3__ACCCACTGTCAAAGCG-1,HD_BM_3,1,0.6954,1
HD_BM_3__ACCCACTGTCTAGTCA-1,HD_BM_3,1,0.5269,1
HD_BM_3__ACCCACTGTGCGCTTG-1,HD_BM_3,1,0.5432,1
HD_BM_3__ACCCACTGTTGGTTTG-1,HD_BM_3,0,0.7118,1
HD_BM_3__ACCCACTGTTGTGGCC-1,HD_BM_3,1,0.6347,1
HD_BM_3__ACCCACTTCGAATGGG-1,HD_BM_3,1,0.5271,1
HD_BM_3__ACCGTAACAGCCTTTC-1,HD_BM_3,2,0.8261,1
HD_BM_3__ACCTTTAAGGCCCTTG-1,HD_BM_3,1,0.5021,1
HD_BM_3__ACGAGCCAGCCGGTAA-1,HD_BM_3,1,0.5424,1
HD_BM_3__ACGAGCCAGTCGAGTG-1,HD_BM_3,2,0.8017,1
HD_BM_3__ACGAGCCGTCTACCTC-1,HD_BM_3,1,0.5558,1
HD_BM_3__ACGAGGAGTACAAGTA-1,HD_BM_3,1,0.5228,1
HD_BM_3__ACGAGGAGTTTAAGCC-1,HD_BM_3,1,0.527,1
HD_BM_3__ACGATACAGTGGCACA-1,HD_BM_3,1,0.6155,1
HD_BM_3__ACGATACAGTGTGAAT-1,HD_BM_3,2,0.8661,1
HD_BM_3__ACGATACGTGTCTGAT-1,HD_BM_3,2,0.7215,1
HD_BM_3__ACGATACGTTCCATGA-1,HD_BM_3,0,0.4497,1
HD_BM_3__ACGATACTCAAAGTAG-1,HD_BM_3,1,0.5103,1
HD_BM_3__ACGATGTAGTGACTCT-1,HD_BM_3,2,0.5049,1
HD_BM_3__ACGATGTCACTTAACG-1,HD_BM_3,1,0.5516,1
HD_BM_3__ACGATGTCATAAGACA-1,HD_BM_3,2,0.8105,1
HD_BM_3__ACGATGTGTATTCGTG-1,HD_BM_3,1,0.5992,1
HD_BM_3__ACGCAGCAGCATCATC-1,HD_BM_3,1,0.5546,1
HD_BM_3__ACGCAGCCAGTGACAG-1,HD_BM_3,1,0.631,1
HD_BM_3__ACGCAGCTCAGCGATT-1,HD_BM_3,1,0.5905,1
HD_BM_3__ACGCCAGAGCGCCTTG-1,HD_BM_3,1,0.5475,1
HD_BM_3__ACGCCAGGTGCCTGCA-1,HD_BM_3,1,0.5726,1
HD_BM_3__ACGCCAGGTTCGTCTC-1,HD_BM_3,1,0.5161,1
HD_BM_3__ACGCCAGTCATGCTCC-1,HD_BM_3,1,0.5927,1
HD_BM_3__ACGCCAGTCCCATTAT-1,HD_BM_3,1,0.5265,1
HD_BM_3__ACGCCGACACGCGAAA-1,HD_BM_3,1,0.5309,1
HD_BM_3__ACGCCGAGTAGGAGTC-1,HD_BM_3,1,0.5345,1
HD_BM_3__ACGGAGACATTGGTAC-1,HD_BM_3,1,0.6505,1
HD_BM_3__ACGGAGATCGGTTAAC-1,HD_BM_3,1,0.506,1
HD_BM_3__ACGGCCAAGACGCTTT-1,HD_BM_3,1,0.5641,1
HD_BM_3__ACGGCCAAGCCTCGTG-1,HD_BM_3,1,0.5343,1
HD_BM_3__ACGGCCAAGTGGGTTG-1,HD_BM_3,1,0.5339,1
HD_BM_3__ACGGCCAGTGTTCTTT-1,HD_BM_3,1,0.604,1
HD_BM_3__ACGGCCAGTTGCTCCT-1,HD_BM_3,2,0.5142,1
HD_BM_3__ACGGGCTAGTCGTTTG-1,HD_BM_3,1,0.5388,1
HD_BM_3__ACGGGCTCATTAGGCT-1,HD_BM_3,1,0.5103,1
HD_BM_3__ACGGGCTCATTCGACA-1,HD_BM_3,1,0.5476,1
HD_BM_3__ACGGGCTGTCTAGAGG-1,HD_BM_3,1,0.5062,1
HD_BM_3__ACGGGCTTCAGTTTGG-1,HD_BM_3,1,0.5271,1
HD_BM_3__ACGGGCTTCCAACCAA-1,HD_BM_3,1,0.5148,1
HD_BM_3__ACGGGTCAGTACACCT-1,HD_BM_3,1,0.5882,1
HD_BM_3__ACGGGTCCAGCTCGCA-1,HD_BM_3,1,0.5515,1
HD_BM_3__ACGGGTCGTCGGCTCA-1,HD_BM_3,1,0.5472,1
HD_BM_3__ACGTCAAAGTTATCGC-1,HD_BM_3,1,0.5802,1
HD_BM_3__ACGTCAACACAAGCCC-1,HD_BM_3,2,0.7943,1
HD_BM_3__ACGTCAATCAACGAAA-1,HD_BM_3,2,0.7986,1
HD_BM_3__ACGTCAATCTGATTCT-1,HD_BM_3,1,0.5272,1
HD_BM_3__ACTATCTAGTGTACCT-1,HD_BM_3,1,0.556,1
HD_BM_3__ACTGAACAGCTGTTCA-1,HD_BM_3,2,0.8455,1
HD_BM_3__ACTGAACAGTAGGTGC-1,HD_BM_3,2,0.8416,1
HD_BM_3__ACTGAACCAGTTTACG-1,HD_BM_3,2,0.6703,1
HD_BM_3__ACTGAACCATGAGCGA-1,HD_BM_3,2,0.7853,1
HD_BM_3__ACTGAGTGTAACGTTC-1,HD_BM_3,2,0.7373,1
HD_BM_3__ACTGAGTGTCAAAGCG-1,HD_BM_3,1,0.5548,1
HD_BM_3__ACTGAGTTCAGCTCTC-1,HD_BM_3,2,0.8348,1
HD_BM_3__ACTGAGTTCGAGAACG-1,HD_BM_3,1,0.5063,1
HD_BM_3__ACTGATGAGTAGCGGT-1,HD_BM_3,1,0.5184,1
HD_BM_3__ACTGATGAGTGGAGTC-1,HD_BM_3,1,0.5172,1
HD_BM_3__ACTGATGCAGGATTGG-1,HD_BM_3,1,0.5441,1
HD_BM_3__ACTGATGGTCTTGATG-1,HD_BM_3,1,0.5559,1
HD_BM_3__ACTGCTCAGCCCAACC-1,HD_BM_3,1,0.5561,1
HD_BM_3__ACTGCTCGTCATCGGC-1,HD_BM_3,2,0.9892,1
HD_BM_3__ACTGCTCGTCCTCTTG-1,HD_BM_3,1,0.5473,1
HD_BM_3__ACTGTCCAGCGGATCA-1,HD_BM_3,1,0.5432,1
HD_BM_3__ACTGTCCAGCGTAGTG-1,HD_BM_3,1,0.539,1
HD_BM_3__ACTGTCCGTTGAACTC-1,HD_BM_3,1,0.557,1
HD_BM_3__ACTTACTAGAGTACCG-1,HD_BM_3,1,0.5311,1
HD_BM_3__ACTTACTCAATCCAAC-1,HD_BM_3,1,0.5147,1
HD_BM_3__ACTTACTCACCTATCC-1,HD_BM_3,1,0.7587,1
HD_BM_3__ACTTACTCACGGTTTA-1,HD_BM_3,1,0.5723,1
HD_BM_3__ACTTACTTCCCTTGTG-1,HD_BM_3,1,0.7475,1
HD_BM_3__ACTTGTTCATATGAGA-1,HD_BM_3,1,0.5958,1
HD_BM_3__ACTTGTTGTTCGAATC-1,HD_BM_3,1,0.5225,1
HD_BM_3__ACTTGTTGTTGCGTTA-1,HD_BM_3,2,0.8595,1
HD_BM_3__ACTTTCAAGACTGTAA-1,HD_BM_3,1,0.5787,1
HD_BM_3__ACTTTCAAGTCCAGGA-1,HD_BM_3,1,0.5561,1
HD_BM_3__ACTTTCACACGGTAAG-1,HD_BM_3,1,0.56,1
HD_BM_3__ACTTTCAGTGCACGAA-1,HD_BM_3,2,0.7498,1
HD_BM_3__ACTTTCAGTGCTTCTC-1,HD_BM_3,1,0.6405,1
HD_BM_3__AGAATAGAGTACGTTC-1,HD_BM_3,1,0.5225,1
HD_BM_3__AGAATAGGTAAGGGAA-1,HD_BM_3,1,0.6152,1
HD_BM_3__AGAATAGGTATTAGCC-1,HD_BM_3,1,0.527,1
HD_BM_3__AGAATAGTCCTCTAGC-1,HD_BM_3,1,0.7691,1
HD_BM_3__AGAATAGTCCTTCAAT-1,HD_BM_3,2,0.7991,1
HD_BM_3__AGACGTTCACGCTTTC-1,HD_BM_3,1,0.5919,1
HD_BM_3__AGACGTTGTAAATGTG-1,HD_BM_3,1,0.551,1
HD_BM_3__AGACGTTGTCCTCCAT-1,HD_BM_3,1,0.6657,1
HD_BM_3__AGACGTTTCCATGAAC-1,HD_BM_3,1,0.5926,1
HD_BM_3__AGACGTTTCCTTGCCA-1,HD_BM_3,1,0.5519,1
HD_BM_3__AGAGCGACACCATCCT-1,HD_BM_3,1,0.5312,1
HD_BM_3__AGAGCGACATGGGAAC-1,HD_BM_3,1,0.5948,1
HD_BM_3__AGAGCGAGTATGAATG-1,HD_BM_3,1,0.5018,1
HD_BM_3__AGAGCTTAGAATGTGT-1,HD_BM_3,1,0.4012,1
HD_BM_3__AGAGCTTAGGCAAAGA-1,HD_BM_3,1,0.7083,1
HD_BM_3__AGAGCTTGTGACAAAT-1,HD_BM_3,2,0.8023,1
HD_BM_3__AGAGTGGAGCGTTGCC-1,HD_BM_3,1,0.5351,1
HD_BM_3__AGAGTGGGTACACCGC-1,HD_BM_3,1,0.5143,1
HD_BM_3__AGAGTGGGTCCAGTAT-1,HD_BM_3,1,0.58,1
HD_BM_3__AGAGTGGGTGATAAAC-1,HD_BM_3,1,0.5289,1
HD_BM_3__AGATCTGAGACAGAGA-1,HD_BM_3,1,0.6846,1
HD_BM_3__AGATCTGAGATGTCGG-1,HD_BM_3,1,0.506,1
HD_BM_3__AGATCTGCAAATACAG-1,HD_BM_3,1,0.5518,1
HD_BM_3__AGATCTGTCGGAGGTA-1,HD_BM_3,1,0.5714,1
HD_BM_3__AGATCTGTCTAAGCCA-1,HD_BM_3,1,0.62,1
HD_BM_3__AGATCTGTCTGTGCAA-1,HD_BM_3,2,0.8036,1
HD_BM_3__AGATTGCAGACAGAGA-1,HD_BM_3,1,0.5228,1
HD_BM_3__AGATTGCAGTCATGCT-1,HD_BM_3,1,0.5881,1
HD_BM_3__AGATTGCAGTGCGATG-1,HD_BM_3,1,0.5632,1
HD_BM_3__AGATTGCTCCATGAAC-1,HD_BM_3,1,0.5522,1
HD_BM_3__AGATTGCTCGAGGTAG-1,HD_BM_3,1,0.5432,1
HD_BM_3__AGCAGCCCACCAACCG-1,HD_BM_3,1,0.5272,1
HD_BM_3__AGCAGCCCAGTGGGAT-1,HD_BM_3,1,0.5187,1
HD_BM_3__AGCAGCCGTAGGGTAC-1,HD_BM_3,1,0.559,1
HD_BM_3__AGCATACCAGACACTT-1,HD_BM_3,1,0.5518,1
HD_BM_3__AGCATACCATCCTTGC-1,HD_BM_3,1,0.5436,1
HD_BM_3__AGCATACTCCAGATCA-1,HD_BM_3,2,0.7449,1
HD_BM_3__AGCATACTCTGGTTCC-1,HD_BM_3,2,0.6462,1
HD_BM_3__AGCCTAAAGCTAAGAT-1,HD_BM_3,1,0.5392,1
HD_BM_3__AGCCTAACAGGGTACA-1,HD_BM_3,2,0.7832,1
HD_BM_3__AGCGGTCAGCCCGAAA-1,HD_BM_3,1,0.5468,1
HD_BM_3__AGCGGTCAGCTGTTCA-1,HD_BM_3,1,0.5719,1
HD_BM_3__AGCGGTCCAGTGGAGT-1,HD_BM_3,1,0.5511,1
HD_BM_3__AGCGTATAGATGTTAG-1,HD_BM_3,2,0.832,1
HD_BM_3__AGCGTATAGCCAGTTT-1,HD_BM_3,2,0.9694,1
HD_BM_3__AGCGTATAGTGTGGCA-1,HD_BM_3,2,0.8156,1
HD_BM_3__AGCGTATCACCGAAAG-1,HD_BM_3,1,0.5021,1
HD_BM_3__AGCGTCGGTTCACGGC-1,HD_BM_3,1,0.5432,1
HD_BM_3__AGCGTCGTCGGCTTGG-1,HD_BM_3,2,0.8553,1
HD_BM_3__AGCTCCTGTGGCTCCA-1,HD_BM_3,1,0.5102,1
HD_BM_3__AGCTCTCCAAACCTAC-1,HD_BM_3,1,0.5356,1
HD_BM_3__AGCTCTCCATTCCTCG-1,HD_BM_3,1,0.5561,1
HD_BM_3__AGCTTGAAGCAGGTCA-1,HD_BM_3,2,0.6695,1
HD_BM_3__AGCTTGAAGTTGAGTA-1,HD_BM_3,1,0.502,1
HD_BM_3__AGCTTGAGTTCTGTTT-1,HD_BM_3,1,0.5476,1
HD_BM_3__AGGCCACAGAAGGGTA-1,HD_BM_3,1,0.5346,1
HD_BM_3__AGGCCACAGCCGATTT-1,HD_BM_3,2,0.8695,1
HD_BM_3__AGGCCACGTAGCGTGA-1,HD_BM_3,1,0.5592,1
HD_BM_3__AGGCCACGTTCACGGC-1,HD_BM_3,1,0.5516,1
HD_BM_3__AGGCCGTAGACCTAGG-1,HD_BM_3,2,0.8573,1
HD_BM_3__AGGCCGTAGCCTTGAT-1,HD_BM_3,1,0.6812,1
HD_BM_3__AGGCCGTAGCTGGAAC-1,HD_BM_3,1,0.502,1
HD_BM_3__AGGCCGTCATGATCCA-1,HD_BM_3,1,0.5269,1
HD_BM_3__AGGCCGTGTCGAACAG-1,HD_BM_3,1,0.5256,1
HD_BM_3__AGGCCGTTCAGAGCTT-1,HD_BM_3,1,0.6234,1
HD_BM_3__AGGGAGTAGATCACGG-1,HD_BM_3,2,0.8197,1
HD_BM_3__AGGGAGTAGCGTTTAC-1,HD_BM_3,1,0.5432,1
HD_BM_3__AGGGAGTCACCCAGTG-1,HD_BM_3,1,0.6719,1
HD_BM_3__AGGGATGCAATGAAAC-1,HD_BM_3,1,0.6082,1
HD_BM_3__AGGGATGTCCTTTACA-1,HD_BM_3,1,0.6031,1
HD_BM_3__AGGGTGAAGACAATAC-1,HD_BM_3,1,0.6385,1
HD_BM_3__AGGGTGATCTTGCATT-1,HD_BM_3,2,0.5016,1
HD_BM_3__AGGTCATAGCAGGTCA-1,HD_BM_3,1,0.5957,1
HD_BM_3__AGGTCATCAGACGCCT-1,HD_BM_3,1,0.5644,1
HD_BM_3__AGGTCATCATCACGAT-1,HD_BM_3,1,0.5643,1
HD_BM_3__AGGTCATTCGCGATCG-1,HD_BM_3,1,0.5419,1
HD_BM_3__AGGTCCGAGAGGTAGA-1,HD_BM_3,1,0.497,1
HD_BM_3__AGGTCCGAGGCAGTCA-1,HD_BM_3,1,0.5185,1
HD_BM_3__AGGTCCGCAGATCCAT-1,HD_BM_3,2,0.8582,1
HD_BM_3__AGGTCCGTCCTCCTAG-1,HD_BM_3,1,0.5314,1
HD_BM_3__AGGTCCGTCTACCAGA-1,HD_BM_3,1,0.5311,1
HD_BM_3__AGGTCCGTCTGCGTAA-1,HD_BM_3,2,0.7841,1
HD_BM_3__AGTAGTCAGAGTTGGC-1,HD_BM_3,1,0.6749,1
HD_BM_3__AGTAGTCGTAAGAGAG-1,HD_BM_3,1,0.5462,1
HD_BM_3__AGTAGTCGTGGCCCTA-1,HD_BM_3,1,0.5103,1
HD_BM_3__AGTAGTCGTTGAGTTC-1,HD_BM_3,2,0.7457,1
HD_BM_3__AGTCTTTCACGAGAGT-1,HD_BM_3,1,0.5436,1
HD_BM_3__AGTCTTTCATCGGGTC-1,HD_BM_3,1,0.5394,1
HD_BM_3__AGTCTTTCATGGTCTA-1,HD_BM_3,1,0.5021,1
HD_BM_3__AGTCTTTGTTACTGAC-1,HD_BM_3,2,0.9711,1
HD_BM_3__AGTCTTTTCAAACAAG-1,HD_BM_3,1,0.7925,1
HD_BM_3__AGTGAGGGTTGAGGTG-1,HD_BM_3,2,0.8695,1
HD_BM_3__AGTGAGGTCATTTGGG-1,HD_BM_3,1,0.5598,1
HD_BM_3__AGTGGGAAGTCACGCC-1,HD_BM_3,1,0.4593,1
HD_BM_3__AGTGTCAAGGCATGGT-1,HD_BM_3,1,0.6827,1
HD_BM_3__AGTGTCATCAATACCG-1,HD_BM_3,1,0.5176,1
HD_BM_3__AGTGTCATCACGACTA-1,HD_BM_3,1,0.531,1
HD_BM_3__AGTTGGTCAGGCGATA-1,HD_BM_3,1,0.5352,1
HD_BM_3__AGTTGGTCATGACATC-1,HD_BM_3,1,0.5312,1
HD_BM_3__AGTTGGTGTAACGCGA-1,HD_BM_3,1,0.6128,1
HD_BM_3__AGTTGGTGTTGGTAAA-1,HD_BM_3,2,0.5056,1
HD_BM_3__AGTTGGTTCTTGGGTA-1,HD_BM_3,1,0.9443,1
HD_BM_3__ATAACGCGTATAGGGC-1,HD_BM_3,1,0.5062,1
HD_BM_3__ATAACGCTCACTGGGC-1,HD_BM_3,1,0.5228,1
HD_BM_3__ATAAGAGAGGTGATTA-1,HD_BM_3,1,0.5557,1
HD_BM_3__ATAAGAGAGTGGTAGC-1,HD_BM_3,1,0.5264,1
HD_BM_3__ATAAGAGCATCCAACA-1,HD_BM_3,1,0.5593,1
HD_BM_3__ATAAGAGGTATATGGA-1,HD_BM_3,1,0.5184,1
HD_BM_3__ATAAGAGGTGACCAAG-1,HD_BM_3,2,0.7962,1
HD_BM_3__ATAAGAGTCACAAACC-1,HD_BM_3,2,0.7927,1
HD_BM_3__ATAAGAGTCGGCCGAT-1,HD_BM_3,2,0.7584,1
HD_BM_3__ATAGACCAGAAGGCCT-1,HD_BM_3,1,0.5516,1
HD_BM_3__ATAGACCAGCGCTTAT-1,HD_BM_3,1,0.5682,1
HD_BM_3__ATAGACCCAACGCACC-1,HD_BM_3,1,0.5479,1
HD_BM_3__ATAGACCGTGCTTCTC-1,HD_BM_3,1,0.5888,1
HD_BM_3__ATCACGACACCGAAAG-1,HD_BM_3,1,0.5963,1
HD_BM_3__ATCACGATCAAGAAGT-1,HD_BM_3,1,0.5676,1
HD_BM_3__ATCATCTAGCCGGTAA-1,HD_BM_3,2,0.9799,1
HD_BM_3__ATCATCTCACTACAGT-1,HD_BM_3,1,0.5267,1
HD_BM_3__ATCATCTTCTTGTTTG-1,HD_BM_3,1,0.6476,1
HD_BM_3__ATCATGGGTATCGCAT-1,HD_BM_3,1,0.5062,1
HD_BM_3__ATCCACCAGAGGTTAT-1,HD_BM_3,1,0.5599,1
HD_BM_3__ATCCACCCAAACCTAC-1,HD_BM_3,2,0.9919,1
HD_BM_3__ATCCGAAAGTACGTTC-1,HD_BM_3,1,0.572,1
HD_BM_3__ATCCGAATCTCGCTTG-1,HD_BM_3,1,0.5476,1
HD_BM_3__ATCGAGTCAAGTCATC-1,HD_BM_3,1,0.5519,1
HD_BM_3__ATCGAGTCACGAAATA-1,HD_BM_3,1,0.604,1
HD_BM_3__ATCGAGTGTCTTCGTC-1,HD_BM_3,1,0.5596,1
HD_BM_3__ATCGAGTTCCAACCAA-1,HD_BM_3,1,0.5229,1
HD_BM_3__ATCTACTCACCTCGGA-1,HD_BM_3,1,0.5186,1
HD_BM_3__ATCTACTTCATCTGCC-1,HD_BM_3,1,0.5105,1
HD_BM_3__ATCTGCCGTCCTAGCG-1,HD_BM_3,2,0.8341,1
HD_BM_3__ATGAGGGAGATCCCGC-1,HD_BM_3,1,0.5638,1
HD_BM_3__ATGCGATAGCCAGGAT-1,HD_BM_3,1,0.5221,1
HD_BM_3__ATGCGATAGTTGAGAT-1,HD_BM_3,1,0.517,1
HD_BM_3__ATGCGATTCAGTACGT-1,HD_BM_3,1,0.5639,1
HD_BM_3__ATGGGAGCATATGAGA-1,HD_BM_3,1,0.5269,1
HD_BM_3__ATGTGTGGTGTTAAGA-1,HD_BM_3,1,0.5553,1
HD_BM_3__ATTACTCAGCCTTGAT-1,HD_BM_3,1,0.5557,1
HD_BM_3__ATTACTCAGGGTCTCC-1,HD_BM_3,1,0.5562,1
HD_BM_3__ATTACTCCAAGAAAGG-1,HD_BM_3,1,0.5478,1
HD_BM_3__ATTACTCCAGGTTTCA-1,HD_BM_3,2,0.9781,1
HD_BM_3__ATTACTCTCTGAGGGA-1,HD_BM_3,1,0.5269,1
HD_BM_3__ATTATCCAGCCCAATT-1,HD_BM_3,1,0.5314,1
HD_BM_3__ATTATCCAGGTCATCT-1,HD_BM_3,1,0.67,1
HD_BM_3__ATTATCCCAATCGAAA-1,HD_BM_3,2,0.6351,1
HD_BM_3__ATTCTACCAGACAAAT-1,HD_BM_3,1,0.5021,1
HD_BM_3__ATTCTACCAGAGCCAA-1,HD_BM_3,1,0.5601,1
HD_BM_3__ATTCTACGTCCGAATT-1,HD_BM_3,1,0.5436,1
HD_BM_3__ATTGGACCAGCGTCCA-1,HD_BM_3,1,0.5186,1
HD_BM_3__ATTGGTGGTTCCACAA-1,HD_BM_3,2,0.9882,1
HD_BM_3__ATTTCTGAGGTGTGGT-1,HD_BM_3,1,0.5516,1
HD_BM_3__ATTTCTGCACACAGAG-1,HD_BM_3,1,0.5583,1
HD_BM_3__ATTTCTGCATGTTGAC-1,HD_BM_3,1,0.5352,1
HD_BM_3__ATTTCTGTCTCGCATC-1,HD_BM_3,1,0.6923,1
HD_BM_3__CAACCAAAGAGGGCTT-1,HD_BM_3,2,0.8478,1
HD_BM_3__CAACCAAGTACGCACC-1,HD_BM_3,1,0.5803,1
HD_BM_3__CAACCAAGTTGGAGGT-1,HD_BM_3,1,0.5625,1
HD_BM_3__CAACCTCAGTGACTCT-1,HD_BM_3,1,0.5188,1
HD_BM_3__CAACCTCCAGCGTAAG-1,HD_BM_3,2,0.8091,1
HD_BM_3__CAACCTCTCTCACATT-1,HD_BM_3,1,0.5126,1
HD_BM_3__CAACTAGAGATGTCGG-1,HD_BM_3,1,0.5594,1
HD_BM_3__CAACTAGCACGTGAGA-1,HD_BM_3,1,0.5435,1
HD_BM_3__CAACTAGCAGTCTTCC-1,HD_BM_3,1,0.527,1
HD_BM_3__CAACTAGCATCGATGT-1,HD_BM_3,1,0.5924,1
HD_BM_3__CAAGAAATCGAGGTAG-1,HD_BM_3,1,0.5879,1
HD_BM_3__CAAGAAATCTGTCTCG-1,HD_BM_3,1,0.5764,1
HD_BM_3__CAAGATCGTCTTCAAG-1,HD_BM_3,1,0.5228,1
HD_BM_3__CAAGATCTCGAATCCA-1,HD_BM_3,2,0.5941,1
HD_BM_3__CAAGGCCAGCTAAGAT-1,HD_BM_3,1,0.7653,1
HD_BM_3__CAAGGCCCATCTGGTA-1,HD_BM_3,1,0.5519,1
HD_BM_3__CAAGGCCGTACGAAAT-1,HD_BM_3,2,0.7083,1
HD_BM_3__CAAGGCCTCCTCAATT-1,HD_BM_3,1,0.5144,1
HD_BM_3__CAAGGCCTCTCAAACG-1,HD_BM_3,1,0.5764,1
HD_BM_3__CAAGTTGAGACTACAA-1,HD_BM_3,1,0.5101,1
HD_BM_3__CAAGTTGAGTCGTACT-1,HD_BM_3,1,0.5217,1
HD_BM_3__CAAGTTGCATCTCCCA-1,HD_BM_3,1,0.5512,1
HD_BM_3__CAAGTTGGTGCACTTA-1,HD_BM_3,1,0.654,1
HD_BM_3__CACAAACAGCTCTCGG-1,HD_BM_3,1,0.56,1
HD_BM_3__CACAAACCAAACTGTC-1,HD_BM_3,1,0.5911,1
HD_BM_3__CACAAACGTAAGGGAA-1,HD_BM_3,1,0.531,1
HD_BM_3__CACAAACGTCGCGGTT-1,HD_BM_3,1,0.5434,1
HD_BM_3__CACAAACTCACTGGGC-1,HD_BM_3,1,0.6356,1
HD_BM_3__CACAAACTCGCTTGTC-1,HD_BM_3,1,0.5643,1
HD_BM_3__CACACAAAGACCTTTG-1,HD_BM_3,1,0.5272,1
HD_BM_3__CACACAACAGTCGATT-1,HD_BM_3,2,0.7689,1
HD_BM_3__CACACCTCACCAGGCT-1,HD_BM_3,1,0.5598,1
HD_BM_3__CACACCTCACGTCTCT-1,HD_BM_3,1,0.5882,1
HD_BM_3__CACACTCAGCTAACAA-1,HD_BM_3,1,0.5521,1
HD_BM_3__CACACTCCAGTCACTA-1,HD_BM_3,1,0.5516,1
HD_BM_3__CACACTCCATGGGAAC-1,HD_BM_3,1,0.5838,1
HD_BM_3__CACACTCGTTGTGGCC-1,HD_BM_3,1,0.5393,1
HD_BM_3__CACAGTAAGAGTAATC-1,HD_BM_3,1,0.5392,1
HD_BM_3__CACAGTACAAGGACAC-1,HD_BM_3,2,0.793,1
HD_BM_3__CACAGTATCAAACAAG-1,HD_BM_3,1,0.5268,1
HD_BM_3__CACAGTATCTCCAACC-1,HD_BM_3,1,0.53,1
HD_BM_3__CACATAGAGCTCAACT-1,HD_BM_3,1,0.5185,1
HD_BM_3__CACATAGCACGTCAGC-1,HD_BM_3,2,0.9757,1
HD_BM_3__CACATAGCAGCTTAAC-1,HD_BM_3,1,0.581,1
HD_BM_3__CACATAGTCCGTAGGC-1,HD_BM_3,1,0.5516,1
HD_BM_3__CACATTTAGTGGTCCC-1,HD_BM_3,1,0.5311,1
HD_BM_3__CACATTTCAGACTCGC-1,HD_BM_3,2,0.8632,1
HD_BM_3__CACATTTGTATAAACG-1,HD_BM_3,1,0.5351,1
HD_BM_3__CACATTTGTCTAGGTT-1,HD_BM_3,1,0.5187,1
HD_BM_3__CACCACTAGCGATGAC-1,HD_BM_3,1,0.5342,1
HD_BM_3__CACCACTAGCGTTCCG-1,HD_BM_3,1,0.5271,1
HD_BM_3__CACCACTAGTAGGTGC-1,HD_BM_3,1,0.6121,1
HD_BM_3__CACCACTAGTGCTGCC-1,HD_BM_3,2,0.7094,1
HD_BM_3__CACCACTCAGAGTGTG-1,HD_BM_3,1,0.5763,1
HD_BM_3__CACCACTCATTACGAC-1,HD_BM_3,1,0.5397,1
HD_BM_3__CACCACTGTCTCACCT-1,HD_BM_3,1,0.5344,1
HD_BM_3__CACCACTGTTCACCTC-1,HD_BM_3,1,0.5703,1
HD_BM_3__CACCACTTCCGTCAAA-1,HD_BM_3,1,0.6156,1
HD_BM_3__CACCAGGCAGATGAGC-1,HD_BM_3,1,0.5517,1
HD_BM_3__CACCAGGGTGAAATCA-1,HD_BM_3,2,0.8653,1
HD_BM_3__CACCAGGTCTTGCCGT-1,HD_BM_3,1,0.5395,1
HD_BM_3__CACCTTGAGGTGCTAG-1,HD_BM_3,1,0.5097,1
HD_BM_3__CACCTTGGTCCGAATT-1,HD_BM_3,2,0.7325,1
HD_BM_3__CAGAATCAGTTCGATC-1,HD_BM_3,1,0.5103,1
HD_BM_3__CAGAATCGTCATATCG-1,HD_BM_3,1,0.5962,1
HD_BM_3__CAGAGAGAGTGACTCT-1,HD_BM_3,1,0.5719,1
HD_BM_3__CAGAGAGCAGCTGGCT-1,HD_BM_3,1,0.5223,1
HD_BM_3__CAGATCACAGCTGGCT-1,HD_BM_3,1,0.6155,1
HD_BM_3__CAGATCATCAGTTGAC-1,HD_BM_3,1,0.5558,1
HD_BM_3__CAGATCATCCTCCTAG-1,HD_BM_3,1,0.5517,1
HD_BM_3__CAGCAGCAGTGGAGAA-1,HD_BM_3,1,0.7165,1
HD_BM_3__CAGCAGCTCCCACTTG-1,HD_BM_3,1,0.632,1
HD_BM_3__CAGCAGCTCGCCATAA-1,HD_BM_3,1,0.5272,1
HD_BM_3__CAGCATACACCTCGGA-1,HD_BM_3,1,0.5267,1
HD_BM_3__CAGCATAGTCTCCATC-1,HD_BM_3,1,0.5843,1
HD_BM_3__CAGCATAGTGACTACT-1,HD_BM_3,1,0.5721,1
HD_BM_3__CAGCATAGTTCGCGAC-1,HD_BM_3,1,0.5145,1
HD_BM_3__CAGCCGAGTCAAAGAT-1,HD_BM_3,1,0.588,1
HD_BM_3__CAGCGACTCATTGCCC-1,HD_BM_3,1,0.6079,1
HD_BM_3__CAGCGACTCTTGTACT-1,HD_BM_3,1,0.5392,1
HD_BM_3__CAGCTAAAGTTATCGC-1,HD_BM_3,1,0.5477,1
HD_BM_3__CAGCTAATCACCCTCA-1,HD_BM_3,1,0.5394,1
HD_BM_3__CAGCTGGTCACAGGCC-1,HD_BM_3,1,0.5187,1
HD_BM_3__CAGGTGCCAAAGGCGT-1,HD_BM_3,1,0.5429,1
HD_BM_3__CAGGTGCCAGTCGATT-1,HD_BM_3,1,0.5062,1
HD_BM_3__CAGGTGCCATGCCCGA-1,HD_BM_3,1,0.5271,1
HD_BM_3__CAGGTGCGTATATGAG-1,HD_BM_3,1,0.578,1
HD_BM_3__CAGGTGCGTGACGCCT-1,HD_BM_3,1,0.6157,1
HD_BM_3__CAGTAACAGTCGTACT-1,HD_BM_3,1,0.5935,1
HD_BM_3__CAGTAACCACGAAATA-1,HD_BM_3,2,0.8,1
HD_BM_3__CAGTAACCACTTCTGC-1,HD_BM_3,2,0.8168,1
HD_BM_3__CAGTAACCAGTCAGCC-1,HD_BM_3,1,0.5961,1
HD_BM_3__CAGTAACTCAGGCAAG-1,HD_BM_3,1,0.5838,1
HD_BM_3__CAGTCCTGTCGGCACT-1,HD_BM_3,1,0.5475,1
HD_BM_3__CAGTCCTTCCAAGCCG-1,HD_BM_3,2,0.7852,1
HD_BM_3__CAGTCCTTCTGTTTGT-1,HD_BM_3,1,0.5557,1
HD_BM_3__CATATGGAGACGACGT-1,HD_BM_3,1,0.5491,1
HD_BM_3__CATATGGAGTGTCTCA-1,HD_BM_3,1,0.6038,1
HD_BM_3__CATATGGCATGTCGAT-1,HD_BM_3,1,0.5186,1
HD_BM_3__CATATGGGTGGCTCCA-1,HD_BM_3,1,0.7212,1
HD_BM_3__CATATTCCAGCTGGCT-1,HD_BM_3,1,0.5384,1
HD_BM_3__CATATTCTCGGTCTAA-1,HD_BM_3,1,0.5592,1
HD_BM_3__CATATTCTCTAGAGTC-1,HD_BM_3,1,0.5598,1
HD_BM_3__CATCAAGAGGTCGGAT-1,HD_BM_3,1,0.5795,1
HD_BM_3__CATCAAGCAATGAATG-1,HD_BM_3,1,0.773,1
HD_BM_3__CATCAAGGTTCGCTAA-1,HD_BM_3,1,0.5479,1
HD_BM_3__CATCAAGTCTGATACG-1,HD_BM_3,2,0.6701,1
HD_BM_3__CATCAGACAAGCGTAG-1,HD_BM_3,1,0.6786,1
HD_BM_3__CATCCACAGCTCCTTC-1,HD_BM_3,1,0.5723,1
HD_BM_3__CATCCACAGTATCTCG-1,HD_BM_3,1,0.6437,1
HD_BM_3__CATCCACCAGCTTCGG-1,HD_BM_3,1,0.5271,1
HD_BM_3__CATCGAAAGAAACGCC-1,HD_BM_3,1,0.6389,1
HD_BM_3__CATCGAAAGTATTGGA-1,HD_BM_3,1,0.5558,1
HD_BM_3__CATCGAAGTGAAATCA-1,HD_BM_3,1,0.5105,1
HD_BM_3__CATCGAATCAGGCCCA-1,HD_BM_3,1,0.7259,1
HD_BM_3__CATCGAATCTATGTGG-1,HD_BM_3,2,0.7479,1
HD_BM_3__CATCGGGAGAAACCTA-1,HD_BM_3,2,0.7578,1
HD_BM_3__CATCGGGGTGTTAAGA-1,HD_BM_3,1,0.6191,1
HD_BM_3__CATCGGGTCCATGCTC-1,HD_BM_3,2,0.8603,1
HD_BM_3__CATCGGGTCCTCTAGC-1,HD_BM_3,1,0.5844,1
HD_BM_3__CATGACAAGATGCCTT-1,HD_BM_3,2,0.8091,1
HD_BM_3__CATGACAAGGACCACA-1,HD_BM_3,2,0.9887,1
HD_BM_3__CATGACACATGTTCCC-1,HD_BM_3,1,0.6043,1
HD_BM_3__CATGACAGTCTCCCTA-1,HD_BM_3,1,0.5803,1
HD_BM_3__CATGCCTAGCTAGTCT-1,HD_BM_3,2,0.7714,1
HD_BM_3__CATGCCTCAGTCCTTC-1,HD_BM_3,1,0.5964,1
HD_BM_3__CATGCCTCATTGTGCA-1,HD_BM_3,1,0.5354,1
HD_BM_3__CATGCCTGTACAGTGG-1,HD_BM_3,2,0.9793,1
HD_BM_3__CATGCCTTCAGCAACT-1,HD_BM_3,1,0.5021,1
HD_BM_3__CATGGCGCACATTCGA-1,HD_BM_3,1,0.5189,1
HD_BM_3__CATGGCGCACGAGAGT-1,HD_BM_3,1,0.5598,1
HD_BM_3__CATGGCGGTAGCACGA-1,HD_BM_3,1,0.5063,1
HD_BM_3__CATGGCGGTCCGCTGA-1,HD_BM_3,1,0.506,1
HD_BM_3__CATGGCGGTTGAGGTG-1,HD_BM_3,1,0.5352,1
HD_BM_3__CATGGCGTCCGTCAAA-1,HD_BM_3,0,0.6089,1
HD_BM_3__CATTATCAGCTCAACT-1,HD_BM_3,1,0.523,1
HD_BM_3__CATTATCCAGAGCCAA-1,HD_BM_3,1,0.6036,1
HD_BM_3__CATTATCCAGCCTGTG-1,HD_BM_3,1,0.5227,1
HD_BM_3__CATTATCGTCTCACCT-1,HD_BM_3,1,0.5847,1
HD_BM_3__CATTATCTCACAACGT-1,HD_BM_3,1,0.5679,1
HD_BM_3__CATTATCTCCCTTGTG-1,HD_BM_3,1,0.5848,1
HD_BM_3__CATTCGCAGTCTCGGC-1,HD_BM_3,1,0.5698,1
HD_BM_3__CATTCGCCACTAAGTC-1,HD_BM_3,1,0.5929,1
HD_BM_3__CATTCGCCATGGGACA-1,HD_BM_3,2,0.9852,1
HD_BM_3__CATTCGCGTTCAGGCC-1,HD_BM_3,1,0.5838,1
HD_BM_3__CCAATCCCAGATTGCT-1,HD_BM_3,2,0.4839,1
HD_BM_3__CCAATCCGTACTCTCC-1,HD_BM_3,1,0.5602,1
HD_BM_3__CCAATCCTCCTTGACC-1,HD_BM_3,2,0.7779,1
HD_BM_3__CCACCTAAGCAGGCTA-1,HD_BM_3,1,0.5885,1
HD_BM_3__CCACCTACAGAGCCAA-1,HD_BM_3,1,0.5765,1
HD_BM_3__CCACCTATCAACACTG-1,HD_BM_3,1,0.5061,1
HD_BM_3__CCACCTATCCTTGCCA-1,HD_BM_3,1,0.5395,1
HD_BM_3__CCACGGAAGAATCTCC-1,HD_BM_3,1,0.5638,1
HD_BM_3__CCACGGAGTGCACTTA-1,HD_BM_3,1,0.5393,1
HD_BM_3__CCACGGATCACTATTC-1,HD_BM_3,2,0.8519,1
HD_BM_3__CCACGGATCTGCGTAA-1,HD_BM_3,2,0.8702,1
HD_BM_3__CCACTACAGAGGACGG-1,HD_BM_3,1,0.5227,1
HD_BM_3__CCACTACAGATGTCGG-1,HD_BM_3,1,0.5105,1
HD_BM_3__CCACTACCATGTCCTC-1,HD_BM_3,1,0.5558,1
HD_BM_3__CCAGCGAAGAGGTACC-1,HD_BM_3,1,0.5756,1
HD_BM_3__CCAGCGACACCATGTA-1,HD_BM_3,1,0.506,1
HD_BM_3__CCAGCGACACGTTGGC-1,HD_BM_3,1,0.5104,1
HD_BM_3__CCAGCGAGTTTGTTGG-1,HD_BM_3,1,0.5434,1
HD_BM_3__CCATGTCGTGGTGTAG-1,HD_BM_3,1,0.5217,1
HD_BM_3__CCATGTCTCCCGGATG-1,HD_BM_3,1,0.5881,1
HD_BM_3__CCATTCGAGTCTCGGC-1,HD_BM_3,1,0.7592,1
HD_BM_3__CCATTCGCAGCTTAAC-1,HD_BM_3,1,0.5718,1
HD_BM_3__CCCAATCCAGGCTGAA-1,HD_BM_3,1,0.5841,1
HD_BM_3__CCCAATCGTACCGCTG-1,HD_BM_3,2,0.8597,1
HD_BM_3__CCCAATCGTCTCTTTA-1,HD_BM_3,1,0.6449,1
HD_BM_3__CCCAATCTCCGATATG-1,HD_BM_3,1,0.5146,1
HD_BM_3__CCCAGTTAGAAACCGC-1,HD_BM_3,1,0.5105,1
HD_BM_3__CCCAGTTAGATAGCAT-1,HD_BM_3,1,0.608,1
HD_BM_3__CCCAGTTAGCTGATAA-1,HD_BM_3,1,0.5147,1
HD_BM_3__CCCAGTTCATTTGCTT-1,HD_BM_3,1,0.5479,1
HD_BM_3__CCCAGTTTCTGACCTC-1,HD_BM_3,1,0.5188,1
HD_BM_3__CCCATACCAAGCCGTC-1,HD_BM_3,1,0.5681,1
HD_BM_3__CCCATACCAAGCGATG-1,HD_BM_3,1,0.6316,1
HD_BM_3__CCCATACGTAACGCGA-1,HD_BM_3,1,0.5476,1
HD_BM_3__CCCATACGTACATCCA-1,HD_BM_3,2,0.5834,1
HD_BM_3__CCCATACGTCGTTGTA-1,HD_BM_3,2,0.8661,1
HD_BM_3__CCCATACGTTAAGACA-1,HD_BM_3,2,0.3535,1
HD_BM_3__CCCATACTCACCTCGT-1,HD_BM_3,1,0.504,1
HD_BM_3__CCCTCCTCACCAGTTA-1,HD_BM_3,1,0.5105,1
HD_BM_3__CCCTCCTGTGTGAATA-1,HD_BM_3,1,0.5353,1
HD_BM_3__CCCTCCTTCACGACTA-1,HD_BM_3,2,0.506,1
HD_BM_3__CCGGGATCATCGGGTC-1,HD_BM_3,1,0.5518,1
HD_BM_3__CCGGGATGTGGTGTAG-1,HD_BM_3,1,0.5216,1
HD_BM_3__CCGGGATTCGCGTTTC-1,HD_BM_3,1,0.5964,1
HD_BM_3__CCGGGATTCTACTCAT-1,HD_BM_3,1,0.6198,1
HD_BM_3__CCGGGATTCTGGCGAC-1,HD_BM_3,1,0.5724,1
HD_BM_3__CCGGTAGAGCCAGTTT-1,HD_BM_3,1,0.5221,1
HD_BM_3__CCGGTAGAGTGCCATT-1,HD_BM_3,2,0.54,1
HD_BM_3__CCGGTAGCAATGGAAT-1,HD_BM_3,1,0.5104,1
HD_BM_3__CCGGTAGGTTGCGTTA-1,HD_BM_3,1,0.5226,1
HD_BM_3__CCGGTAGTCTGAGTGT-1,HD_BM_3,1,0.5221,1
HD_BM_3__CCGTACTAGGGCACTA-1,HD_BM_3,1,0.5064,1
HD_BM_3__CCGTACTCAAATACAG-1,HD_BM_3,1,0.523,1
HD_BM_3__CCGTACTCAACGATGG-1,HD_BM_3,1,0.6542,1
HD_BM_3__CCGTACTGTCAAACTC-1,HD_BM_3,2,0.5144,1
HD_BM_3__CCGTACTGTGAGGCTA-1,HD_BM_3,1,0.5281,1
HD_BM_3__CCGTGGAAGACACTAA-1,HD_BM_3,2,0.8208,1
HD_BM_3__CCGTGGAAGGCTAGCA-1,HD_BM_3,2,0.9838,1
HD_BM_3__CCGTGGATCGCATGAT-1,HD_BM_3,2,0.981,1
HD_BM_3__CCGTGGATCGGCTACG-1,HD_BM_3,2,0.9539,1
HD_BM_3__CCGTTCACAAGCCGTC-1,HD_BM_3,1,0.5474,1
HD_BM_3__CCGTTCACACATTTCT-1,HD_BM_3,1,0.5271,1
HD_BM_3__CCGTTCACACCTATCC-1,HD_BM_3,1,0.5848,1
HD_BM_3__CCGTTCAGTCAAAGCG-1,HD_BM_3,2,0.7771,1
HD_BM_3__CCTAAAGGTTCAGACT-1,HD_BM_3,1,0.5603,1
HD_BM_3__CCTACACAGCCCGAAA-1,HD_BM_3,1,0.5271,1
HD_BM_3__CCTACACAGTTGAGTA-1,HD_BM_3,1,0.6663,1
HD_BM_3__CCTACACCACTGCCAG-1,HD_BM_3,1,0.655,1
HD_BM_3__CCTACACTCCGTACAA-1,HD_BM_3,1,0.5351,1
HD_BM_3__CCTACACTCCTATTCA-1,HD_BM_3,1,0.5645,1
HD_BM_3__CCTACCAAGAGCCTAG-1,HD_BM_3,1,0.5556,1
HD_BM_3__CCTATTACACTGTCGG-1,HD_BM_3,1,0.5015,1
HD_BM_3__CCTATTAGTCACACGC-1,HD_BM_3,1,0.5063,1
HD_BM_3__CCTATTAGTCGCGGTT-1,HD_BM_3,1,0.5311,1
HD_BM_3__CCTATTAGTGCCTTGG-1,HD_BM_3,1,0.5147,1
HD_BM_3__CCTCAGTAGGGATACC-1,HD_BM_3,2,0.9696,1
HD_BM_3__CCTCAGTAGGGCTTGA-1,HD_BM_3,1,0.5147,1
HD_BM_3__CCTCAGTAGTTGTCGT-1,HD_BM_3,1,0.5874,1
HD_BM_3__CCTCAGTCAAGACACG-1,HD_BM_3,1,0.5643,1
HD_BM_3__CCTCAGTCAAGCCGTC-1,HD_BM_3,1,0.5146,1
HD_BM_3__CCTCAGTCACATGACT-1,HD_BM_3,1,0.527,1
HD_BM_3__CCTCAGTCACTGTTAG-1,HD_BM_3,2,0.8454,1
HD_BM_3__CCTCTGAAGTCGCCGT-1,HD_BM_3,2,0.8094,1
HD_BM_3__CCTCTGAGTAGCGTCC-1,HD_BM_3,2,0.9823,1
HD_BM_3__CCTTACGAGGTGCTTT-1,HD_BM_3,1,0.5518,1
HD_BM_3__CCTTACGAGTATGACA-1,HD_BM_3,1,0.643,1
HD_BM_3__CCTTACGCAAAGCGGT-1,HD_BM_3,1,0.5103,1
HD_BM_3__CCTTACGCAGATCCAT-1,HD_BM_3,1,0.5965,1
HD_BM_3__CCTTCCCAGGCGACAT-1,HD_BM_3,2,0.7251,1
HD_BM_3__CCTTCCCAGTCGCCGT-1,HD_BM_3,1,0.5723,1
HD_BM_3__CCTTCCCCAACGATCT-1,HD_BM_3,1,0.5598,1
HD_BM_3__CCTTCCCCATACTACG-1,HD_BM_3,1,0.5522,1
HD_BM_3__CCTTCCCGTTCAGGCC-1,HD_BM_3,1,0.6235,1
HD_BM_3__CCTTCCCTCTGGCGTG-1,HD_BM_3,1,0.5263,1
HD_BM_3__CCTTCCCTCTTGTACT-1,HD_BM_3,1,0.5886,1
HD_BM_3__CCTTCGAAGAGTGACC-1,HD_BM_3,1,0.5511,1
HD_BM_3__CCTTCGAGTAGCTGCC-1,HD_BM_3,1,0.502,1
HD_BM_3__CCTTCGAGTCGATTGT-1,HD_BM_3,1,0.523,1
HD_BM_3__CCTTCGATCTCCAACC-1,HD_BM_3,2,0.5017,1
HD_BM_3__CCTTTCTAGCTGGAAC-1,HD_BM_3,0,0.5007,1
HD_BM_3__CCTTTCTAGTGTACCT-1,HD_BM_3,1,0.5519,1
HD_BM_3__CCTTTCTCAGGGAGAG-1,HD_BM_3,1,0.5594,1
HD_BM_3__CCTTTCTGTCTCTCTG-1,HD_BM_3,1,0.5477,1
HD_BM_3__CGAACATCAATAGCGG-1,HD_BM_3,1,0.5062,1
HD_BM_3__CGAATGTCAGCTGTAT-1,HD_BM_3,1,0.5658,1
HD_BM_3__CGACCTTAGAAACGAG-1,HD_BM_3,1,0.5632,1
HD_BM_3__CGACCTTCAAAGTCAA-1,HD_BM_3,1,0.5963,1
HD_BM_3__CGACCTTGTCGAATCT-1,HD_BM_3,2,0.8582,1
HD_BM_3__CGACCTTGTGTTCTTT-1,HD_BM_3,1,0.556,1
HD_BM_3__CGACCTTGTTCGGGCT-1,HD_BM_3,1,0.5187,1
HD_BM_3__CGACCTTTCAAACGGG-1,HD_BM_3,2,0.7583,1
HD_BM_3__CGACTTCCAAGCTGGA-1,HD_BM_3,2,0.8441,1
HD_BM_3__CGACTTCGTCGGGTCT-1,HD_BM_3,1,0.5435,1
HD_BM_3__CGACTTCGTTCCACTC-1,HD_BM_3,1,0.5308,1
HD_BM_3__CGAGAAGCAAGCCTAT-1,HD_BM_3,1,0.5995,1
HD_BM_3__CGAGAAGCAGACGCCT-1,HD_BM_3,1,0.5391,1
HD_BM_3__CGAGAAGCATATGGTC-1,HD_BM_3,1,0.5185,1
HD_BM_3__CGAGCACCAGCATGAG-1,HD_BM_3,1,0.7291,1
HD_BM_3__CGAGCCAAGATCGGGT-1,HD_BM_3,1,0.5595,1
HD_BM_3__CGAGCCAAGGGTTTCT-1,HD_BM_3,1,0.5103,1
HD_BM_3__CGAGCCACACCAGTTA-1,HD_BM_3,1,0.5516,1
HD_BM_3__CGATCGGAGACTAAGT-1,HD_BM_3,1,0.5744,1
HD_BM_3__CGATCGGAGTTCGCGC-1,HD_BM_3,1,0.5468,1
HD_BM_3__CGATCGGCACCCATTC-1,HD_BM_3,1,0.5555,1
HD_BM_3__CGATCGGCAGTTCCCT-1,HD_BM_3,2,0.7037,1
HD_BM_3__CGATGGCCATACGCTA-1,HD_BM_3,1,0.7626,1
HD_BM_3__CGATGGCGTCGATTGT-1,HD_BM_3,1,0.5554,1
HD_BM_3__CGATGGCGTTCATGGT-1,HD_BM_3,1,0.5223,1
HD_BM_3__CGATGTAGTTTGACTG-1,HD_BM_3,1,0.5393,1
HD_BM_3__CGATTGAAGCACGCCT-1,HD_BM_3,1,0.5762,1
HD_BM_3__CGATTGATCATGCATG-1,HD_BM_3,1,0.5397,1
HD_BM_3__CGCCAAGAGCGTTCCG-1,HD_BM_3,1,0.5557,1
HD_BM_3__CGCCAAGAGTTCGATC-1,HD_BM_3,2,0.8519,1
HD_BM_3__CGCCAAGCATGGATGG-1,HD_BM_3,1,0.5389,1
HD_BM_3__CGCCAAGGTACTCAAC-1,HD_BM_3,2,0.8106,1
HD_BM_3__CGCCAAGTCATGTGGT-1,HD_BM_3,2,0.989,1
HD_BM_3__CGCCAAGTCCACGTTC-1,HD_BM_3,1,0.5887,1
HD_BM_3__CGCCAAGTCGAATGCT-1,HD_BM_3,1,0.5759,1
HD_BM_3__CGCGGTACATGCCTTC-1,HD_BM_3,1,0.5144,1
HD_BM_3__CGCGTTTCAGCTTCGG-1,HD_BM_3,1,0.5796,1
HD_BM_3__CGCTATCCAGGGTATG-1,HD_BM_3,1,0.5836,1
HD_BM_3__CGCTGGAAGCCCAACC-1,HD_BM_3,1,0.5347,1
HD_BM_3__CGCTGGAAGGACAGCT-1,HD_BM_3,1,0.5678,1
HD_BM_3__CGCTGGACACCAACCG-1,HD_BM_3,1,0.5432,1
HD_BM_3__CGCTTCATCGCGGATC-1,HD_BM_3,1,0.5167,1
HD_BM_3__CGGACACAGATGGGTC-1,HD_BM_3,1,0.5019,1
HD_BM_3__CGGACACCAAACCTAC-1,HD_BM_3,1,0.58,1
HD_BM_3__CGGACACTCAAGGTAA-1,HD_BM_3,1,0.539,1
HD_BM_3__CGGACACTCCACGCAG-1,HD_BM_3,1,0.5597,1
HD_BM_3__CGGACACTCTAACTCT-1,HD_BM_3,1,0.5839,1
HD_BM_3__CGGACGTAGATCCGAG-1,HD_BM_3,1,0.5683,1
HD_BM_3__CGGACGTCAAGCTGTT-1,HD_BM_3,1,0.5262,1
HD_BM_3__CGGACGTCATCCGGGT-1,HD_BM_3,1,0.5798,1
HD_BM_3__CGGACGTGTATCTGCA-1,HD_BM_3,1,0.555,1
HD_BM_3__CGGACGTGTTATCACG-1,HD_BM_3,1,0.5882,1
HD_BM_3__CGGACGTTCTGCTTGC-1,HD_BM_3,1,0.5346,1
HD_BM_3__CGGACTGCAAGGACTG-1,HD_BM_3,1,0.5395,1
HD_BM_3__CGGACTGCATGGTTGT-1,HD_BM_3,1,0.5783,1
HD_BM_3__CGGACTGGTATCGCAT-1,HD_BM_3,1,0.5845,1
HD_BM_3__CGGACTGGTTGAACTC-1,HD_BM_3,1,0.5601,1
HD_BM_3__CGGACTGTCCCATTAT-1,HD_BM_3,1,0.5671,1
HD_BM_3__CGGACTGTCTGCCAGG-1,HD_BM_3,1,0.5879,1
HD_BM_3__CGGAGCTCAGATGAGC-1,HD_BM_3,2,0.7775,1
HD_BM_3__CGGAGCTCATTGTGCA-1,HD_BM_3,1,0.5393,1
HD_BM_3__CGGAGCTGTAGGGTAC-1,HD_BM_3,1,0.4911,1
HD_BM_3__CGGAGTCCAACCGCCA-1,HD_BM_3,1,0.568,1
HD_BM_3__CGGAGTCCACGAAACG-1,HD_BM_3,1,0.5642,1
HD_BM_3__CGGAGTCTCGTTTATC-1,HD_BM_3,2,0.9605,1
HD_BM_3__CGGGTCACAAGAGGCT-1,HD_BM_3,2,0.5139,1
HD_BM_3__CGGGTCACAAGTTGTC-1,HD_BM_3,1,0.5701,1
HD_BM_3__CGGGTCAGTTAAGTAG-1,HD_BM_3,1,0.5473,1
HD_BM_3__CGGTTAACAATTGCTG-1,HD_BM_3,1,0.5392,1
HD_BM_3__CGGTTAACACCAGATT-1,HD_BM_3,2,0.9693,1
HD_BM_3__CGGTTAAGTATCAGTC-1,HD_BM_3,1,0.5766,1
HD_BM_3__CGGTTAAGTCCGTGAC-1,HD_BM_3,2,0.965,1
HD_BM_3__CGGTTAATCTAACCGA-1,HD_BM_3,2,0.8525,1
HD_BM_3__CGTAGCGAGGGTTTCT-1,HD_BM_3,2,0.8467,1
HD_BM_3__CGTAGCGTCATCACCC-1,HD_BM_3,1,0.5764,1
HD_BM_3__CGTAGCGTCATCGGAT-1,HD_BM_3,1,0.5227,1
HD_BM_3__CGTAGCGTCTTGAGGT-1,HD_BM_3,2,0.8622,1
HD_BM_3__CGTAGGCCAATAAGCA-1,HD_BM_3,2,0.9547,1
HD_BM_3__CGTAGGCGTACAGTTC-1,HD_BM_3,1,0.5876,1
HD_BM_3__CGTAGGCTCGAACGGA-1,HD_BM_3,2,0.9879,1
HD_BM_3__CGTAGGCTCGTTGACA-1,HD_BM_3,1,0.6072,1
HD_BM_3__CGTCACTGTCTAAAGA-1,HD_BM_3,1,0.543,1
HD_BM_3__CGTCACTGTCTTGATG-1,HD_BM_3,1,0.564,1
HD_BM_3__CGTCACTGTGACGGTA-1,HD_BM_3,1,0.5513,1
HD_BM_3__CGTCACTGTGGTCCGT-1,HD_BM_3,2,0.8352,1
HD_BM_3__CGTCACTGTTGTCGCG-1,HD_BM_3,2,0.6696,1
HD_BM_3__CGTCACTTCAACCATG-1,HD_BM_3,1,0.5352,1
HD_BM_3__CGTCAGGCAGCATGAG-1,HD_BM_3,2,0.8469,1
HD_BM_3__CGTCAGGGTAAAGGAG-1,HD_BM_3,1,0.5371,1
HD_BM_3__CGTCCATAGATGGCGT-1,HD_BM_3,1,0.5395,1
HD_BM_3__CGTCCATAGCCAGGAT-1,HD_BM_3,1,0.565,1
HD_BM_3__CGTCCATCAGCATGAG-1,HD_BM_3,1,0.5014,1
HD_BM_3__CGTCCATGTTCAACCA-1,HD_BM_3,2,0.8647,1
HD_BM_3__CGTCCATTCACTTATC-1,HD_BM_3,1,0.5553,1
HD_BM_3__CGTCCATTCGGTGTCG-1,HD_BM_3,1,0.5473,1
HD_BM_3__CGTCTACAGTAGGCCA-1,HD_BM_3,1,0.5186,1
HD_BM_3__CGTCTACGTCCGTCAG-1,HD_BM_3,1,0.5353,1
HD_BM_3__CGTCTACTCGAGCCCA-1,HD_BM_3,2,0.9814,1
HD_BM_3__CGTCTACTCGTTTGCC-1,HD_BM_3,1,0.6391,1
HD_BM_3__CGTGAGCAGGTTCCTA-1,HD_BM_3,1,0.5753,1
HD_BM_3__CGTGAGCCAAAGCAAT-1,HD_BM_3,2,0.7631,1
HD_BM_3__CGTGAGCCAAAGGAAG-1,HD_BM_3,1,0.543,1
HD_BM_3__CGTGAGCCACAGGTTT-1,HD_BM_3,2,0.8229,1
HD_BM_3__CGTGTAAAGCTGAAAT-1,HD_BM_3,1,0.5666,1
HD_BM_3__CGTGTAAGTAAGTGGC-1,HD_BM_3,1,0.5744,1
HD_BM_3__CGTGTAATCAGCTCGG-1,HD_BM_3,1,0.5637,1
HD_BM_3__CGTGTCTAGGTGATAT-1,HD_BM_3,1,0.5553,1
HD_BM_3__CGTGTCTCACGGTGTC-1,HD_BM_3,2,0.7765,1
HD_BM_3__CGTGTCTGTGTGGCTC-1,HD_BM_3,1,0.5513,1
HD_BM_3__CGTGTCTGTTAAGATG-1,HD_BM_3,2,0.9941,1
HD_BM_3__CGTTAGAAGGACAGCT-1,HD_BM_3,1,0.5636,1
HD_BM_3__CGTTAGACAGCCTGTG-1,HD_BM_3,1,0.5354,1
HD_BM_3__CGTTAGATCCCTAACC-1,HD_BM_3,1,0.5228,1
HD_BM_3__CGTTAGATCCTTGCCA-1,HD_BM_3,2,0.8598,1
HD_BM_3__CGTTAGATCTCTAGGA-1,HD_BM_3,1,0.5751,1
HD_BM_3__CGTTAGATCTCTTATG-1,HD_BM_3,1,0.5269,1
HD_BM_3__CGTTCTGTCAGTACGT-1,HD_BM_3,2,0.798,1
HD_BM_3__CGTTGGGAGAAACCTA-1,HD_BM_3,1,0.5883,1
HD_BM_3__CGTTGGGAGGCTATCT-1,HD_BM_3,2,0.6161,1
HD_BM_3__CTAACTTAGCGCTTAT-1,HD_BM_3,1,0.643,1
HD_BM_3__CTAACTTTCAAAGACA-1,HD_BM_3,1,0.6153,1
HD_BM_3__CTAACTTTCACATACG-1,HD_BM_3,1,0.56,1
HD_BM_3__CTAAGACAGATGCGAC-1,HD_BM_3,2,0.8669,1
HD_BM_3__CTAAGACCAAGGACAC-1,HD_BM_3,2,0.8652,1
HD_BM_3__CTAAGACCACAGACTT-1,HD_BM_3,1,0.5104,1
HD_BM_3__CTAATGGGTCGCTTCT-1,HD_BM_3,1,0.6235,1
HD_BM_3__CTACACCCACCCATGG-1,HD_BM_3,1,0.5474,1
HD_BM_3__CTACATTGTGCGGTAA-1,HD_BM_3,1,0.5674,1
HD_BM_3__CTACATTTCCTTTACA-1,HD_BM_3,1,0.6125,1
HD_BM_3__CTACCCAGTGTCAATC-1,HD_BM_3,1,0.5373,1
HD_BM_3__CTACCCATCAGAGCTT-1,HD_BM_3,1,0.5104,1
HD_BM_3__CTACCCATCCGTTGCT-1,HD_BM_3,1,0.5231,1
HD_BM_3__CTACGTCAGCGGCTTC-1,HD_BM_3,1,0.5518,1
HD_BM_3__CTACGTCCAAAGTCAA-1,HD_BM_3,1,0.5723,1
HD_BM_3__CTACGTCCAATGTTGC-1,HD_BM_3,2,0.5099,1
HD_BM_3__CTACGTCTCAGCTCTC-1,HD_BM_3,1,0.56,1
HD_BM_3__CTACGTCTCCTATTCA-1,HD_BM_3,1,0.5635,1
HD_BM_3__CTAGAGTAGCCATCGC-1,HD_BM_3,1,0.5271,1
HD_BM_3__CTAGAGTCATATACGC-1,HD_BM_3,1,0.5189,1
HD_BM_3__CTAGAGTCATCCGCGA-1,HD_BM_3,1,0.5314,1
HD_BM_3__CTAGAGTGTGTTTGGT-1,HD_BM_3,1,0.531,1
HD_BM_3__CTAGAGTTCCACGTGG-1,HD_BM_3,1,0.5104,1
HD_BM_3__CTAGCCTAGATATACG-1,HD_BM_3,2,0.9963,1
HD_BM_3__CTAGCCTAGGGATACC-1,HD_BM_3,1,0.7716,1
HD_BM_3__CTAGCCTGTGAGTATA-1,HD_BM_3,1,0.5394,1
HD_BM_3__CTCACACCAGTTCATG-1,HD_BM_3,1,0.5879,1
HD_BM_3__CTCACACGTGTGACGA-1,HD_BM_3,2,0.8063,1
HD_BM_3__CTCACACTCGGTGTTA-1,HD_BM_3,2,0.8339,1
HD_BM_3__CTCAGAAAGGATGGTC-1,HD_BM_3,1,0.5841,1
HD_BM_3__CTCAGAACACAACGTT-1,HD_BM_3,1,0.6085,1
HD_BM_3__CTCAGAAGTGTCAATC-1,HD_BM_3,1,0.6155,1
HD_BM_3__CTCAGAATCACTATTC-1,HD_BM_3,1,0.5562,1
HD_BM_3__CTCATTAAGAAGATTC-1,HD_BM_3,1,0.5313,1
HD_BM_3__CTCATTAAGGCCCTCA-1,HD_BM_3,1,0.5354,1
HD_BM_3__CTCATTACAAAGGAAG-1,HD_BM_3,1,0.6035,1
HD_BM_3__CTCATTATCGCAAACT-1,HD_BM_3,1,0.7697,1
HD_BM_3__CTCCTAGAGATGCGAC-1,HD_BM_3,1,0.5228,1
HD_BM_3__CTCCTAGAGCCAACAG-1,HD_BM_3,2,0.8071,1
HD_BM_3__CTCCTAGAGCTGTTCA-1,HD_BM_3,1,0.5311,1
HD_BM_3__CTCCTAGCATTCGACA-1,HD_BM_3,2,0.7501,1
HD_BM_3__CTCGAAAAGAACAATC-1,HD_BM_3,1,0.5228,1
HD_BM_3__CTCGAAAAGCGAAGGG-1,HD_BM_3,1,0.5103,1
HD_BM_3__CTCGAAAAGTTGAGAT-1,HD_BM_3,1,0.5478,1
HD_BM_3__CTCGAAAGTCAGAAGC-1,HD_BM_3,1,0.5823,1
HD_BM_3__CTCGAGGCATTAACCG-1,HD_BM_3,1,0.5601,1
HD_BM_3__CTCGAGGGTGAACCTT-1,HD_BM_3,2,0.7375,1
HD_BM_3__CTCGAGGTCAAACCAC-1,HD_BM_3,1,0.5641,1
HD_BM_3__CTCGAGGTCTACTTAC-1,HD_BM_3,1,0.6284,1
HD_BM_3__CTCGAGGTCTCAACTT-1,HD_BM_3,1,0.5312,1
HD_BM_3__CTCGGAGCAAACAACA-1,HD_BM_3,2,0.8695,1
HD_BM_3__CTCGGAGGTACAAGTA-1,HD_BM_3,1,0.5879,1
HD_BM_3__CTCGGAGGTCGTGGCT-1,HD_BM_3,1,0.5267,1
HD_BM_3__CTCGGGAGTATCACCA-1,HD_BM_3,0,0.5796,1
HD_BM_3__CTCGGGAGTGAGGGTT-1,HD_BM_3,1,0.5707,1
HD_BM_3__CTCGGGAGTTGAGGTG-1,HD_BM_3,1,0.5658,1
HD_BM_3__CTCGGGAGTTTCCACC-1,HD_BM_3,1,0.5713,1
HD_BM_3__CTCGTACAGCAGGTCA-1,HD_BM_3,1,0.5518,1
HD_BM_3__CTCGTACCACAAGACG-1,HD_BM_3,1,0.5187,1
HD_BM_3__CTCGTACCACAGCCCA-1,HD_BM_3,1,0.5678,1
HD_BM_3__CTCGTACCAGTATGCT-1,HD_BM_3,1,0.5147,1
HD_BM_3__CTCGTACCATGGTCAT-1,HD_BM_3,2,0.6711,1
HD_BM_3__CTCGTCAAGAGCCTAG-1,HD_BM_3,2,0.7576,1
HD_BM_3__CTCGTCAAGCCCAATT-1,HD_BM_3,1,0.5765,1
HD_BM_3__CTCGTCAGTGTAACGG-1,HD_BM_3,1,0.5554,1
HD_BM_3__CTCTAATAGACTGGGT-1,HD_BM_3,1,0.5683,1
HD_BM_3__CTCTAATAGATCTGAA-1,HD_BM_3,2,0.7556,1
HD_BM_3__CTCTAATAGGCACATG-1,HD_BM_3,1,0.5424,1
HD_BM_3__CTCTAATGTGCATCTA-1,HD_BM_3,1,0.5844,1
HD_BM_3__CTCTACGCACAGCGTC-1,HD_BM_3,1,0.5475,1
HD_BM_3__CTCTACGCAGGTGCCT-1,HD_BM_3,1,0.5681,1
HD_BM_3__CTCTACGGTCCAGTAT-1,HD_BM_3,1,0.5271,1
HD_BM_3__CTCTACGTCTAACGGT-1,HD_BM_3,1,0.5764,1
HD_BM_3__CTCTACGTCTGCCAGG-1,HD_BM_3,1,0.5517,1
HD_BM_3__CTCTGGTCACAGCGTC-1,HD_BM_3,1,0.5511,1
HD_BM_3__CTCTGGTGTAGAGCTG-1,HD_BM_3,1,0.5555,1
HD_BM_3__CTCTGGTGTTGTCGCG-1,HD_BM_3,1,0.5801,1
HD_BM_3__CTCTGGTTCTCTGCTG-1,HD_BM_3,1,0.5763,1
HD_BM_3__CTGAAACAGCGATATA-1,HD_BM_3,1,0.5309,1
HD_BM_3__CTGAAGTAGGATGCGT-1,HD_BM_3,1,0.5386,1
HD_BM_3__CTGAAGTGTACCATCA-1,HD_BM_3,1,0.7076,1
HD_BM_3__CTGAAGTGTCTCACCT-1,HD_BM_3,2,0.7892,1
HD_BM_3__CTGAAGTTCTGAGGGA-1,HD_BM_3,1,0.5476,1
HD_BM_3__CTGATAGAGCAACGGT-1,HD_BM_3,1,0.58,1
HD_BM_3__CTGATAGCACATGGGA-1,HD_BM_3,1,0.5884,1
HD_BM_3__CTGATAGGTCAAGCGA-1,HD_BM_3,1,0.6113,1
HD_BM_3__CTGATCCAGACAGAGA-1,HD_BM_3,1,0.5786,1
HD_BM_3__CTGCCTAAGAGTACAT-1,HD_BM_3,1,0.5715,1
HD_BM_3__CTGCCTACAAGTCTGT-1,HD_BM_3,2,0.7472,1
HD_BM_3__CTGCCTACAGATCCAT-1,HD_BM_3,1,0.5882,1
HD_BM_3__CTGCCTACATATGAGA-1,HD_BM_3,2,0.8202,1
HD_BM_3__CTGCCTACATGAGCGA-1,HD_BM_3,1,0.5228,1
HD_BM_3__CTGCCTAGTCGCCATG-1,HD_BM_3,1,0.6116,1
HD_BM_3__CTGCGGACAATCACAC-1,HD_BM_3,1,0.5268,1
HD_BM_3__CTGCGGATCTTGCAAG-1,HD_BM_3,1,0.5061,1
HD_BM_3__CTGCTGTGTCCCTACT-1,HD_BM_3,2,0.7501,1
HD_BM_3__CTGCTGTTCGAATGGG-1,HD_BM_3,1,0.5393,1
HD_BM_3__CTGGTCTAGGCCCTTG-1,HD_BM_3,1,0.5475,1
HD_BM_3__CTGGTCTAGTTAGCGG-1,HD_BM_3,1,0.5187,1
HD_BM_3__CTGGTCTGTCTTCTCG-1,HD_BM_3,1,0.5145,1
HD_BM_3__CTGGTCTTCAGCACAT-1,HD_BM_3,1,0.564,1
HD_BM_3__CTGTGCTTCCGCATAA-1,HD_BM_3,1,0.5886,1
HD_BM_3__CTGTTTAAGACCACGA-1,HD_BM_3,1,0.5147,1
HD_BM_3__CTGTTTAAGTGTCCCG-1,HD_BM_3,1,0.5603,1
HD_BM_3__CTGTTTATCTCCAGGG-1,HD_BM_3,2,0.8186,1
HD_BM_3__CTTAACTCAGACACTT-1,HD_BM_3,1,0.527,1
HD_BM_3__CTTAACTTCCGTACAA-1,HD_BM_3,1,0.5731,1
HD_BM_3__CTTACCGAGAATGTGT-1,HD_BM_3,1,0.5393,1
HD_BM_3__CTTACCGAGCCCGAAA-1,HD_BM_3,2,0.7081,1
HD_BM_3__CTTACCGGTTGGAGGT-1,HD_BM_3,2,0.8346,1
HD_BM_3__CTTACCGTCACCATAG-1,HD_BM_3,2,0.8259,1
HD_BM_3__CTTACCGTCCCAGGTG-1,HD_BM_3,1,0.584,1
HD_BM_3__CTTAGGAAGCCACGTC-1,HD_BM_3,1,0.5637,1
HD_BM_3__CTTAGGAAGGGATACC-1,HD_BM_3,1,0.5837,1
HD_BM_3__CTTAGGAGTCTTCAAG-1,HD_BM_3,1,0.6039,1
HD_BM_3__CTTAGGATCAACACAC-1,HD_BM_3,1,0.5558,1
HD_BM_3__CTTAGGATCGTTACGA-1,HD_BM_3,1,0.6003,1
HD_BM_3__CTTCTCTTCACTTACT-1,HD_BM_3,1,0.5842,1
HD_BM_3__CTTGGCTAGGTGCTTT-1,HD_BM_3,1,0.5876,1
HD_BM_3__CTTGGCTCATTAGGCT-1,HD_BM_3,1,0.56,1
HD_BM_3__CTTGGCTGTAGAGCTG-1,HD_BM_3,1,0.6578,1
HD_BM_3__CTTGGCTGTCATGCCG-1,HD_BM_3,1,0.5057,1
HD_BM_3__CTTGGCTGTCCAGTTA-1,HD_BM_3,1,0.5391,1
HD_BM_3__CTTGGCTGTTGAACTC-1,HD_BM_3,1,0.6002,1
HD_BM_3__CTTGGCTTCATGTAGC-1,HD_BM_3,1,0.5103,1
HD_BM_3__CTTTGCGAGAGAGCTC-1,HD_BM_3,1,0.5099,1
HD_BM_3__CTTTGCGAGGTAAACT-1,HD_BM_3,1,0.5269,1
HD_BM_3__CTTTGCGAGTGTACTC-1,HD_BM_3,1,0.5306,1
HD_BM_3__CTTTGCGCACAGGAGT-1,HD_BM_3,1,0.6582,1
HD_BM_3__CTTTGCGTCACCACCT-1,HD_BM_3,1,0.5311,1
HD_BM_3__CTTTGCGTCTTCAACT-1,HD_BM_3,1,0.5435,1
HD_BM_3__GAAACTCGTCTCTTTA-1,HD_BM_3,1,0.5269,1
HD_BM_3__GAAACTCTCATACGGT-1,HD_BM_3,2,0.7369,1
HD_BM_3__GAAACTCTCTTAACCT-1,HD_BM_3,1,0.5722,1
HD_BM_3__GAAATGAAGCCAGAAC-1,HD_BM_3,1,0.543,1
HD_BM_3__GAAATGAAGCTGGAAC-1,HD_BM_3,1,0.5713,1
HD_BM_3__GAAATGAAGTCCAGGA-1,HD_BM_3,1,0.5428,1
HD_BM_3__GAAATGACAGGTGCCT-1,HD_BM_3,1,0.6735,1
HD_BM_3__GAAATGACAGTCTTCC-1,HD_BM_3,1,0.6809,1
HD_BM_3__GAAATGAGTACGCTGC-1,HD_BM_3,1,0.58,1
HD_BM_3__GAACATCAGCTACCTA-1,HD_BM_3,1,0.8603,1
HD_BM_3__GAACATCAGGTGTGGT-1,HD_BM_3,2,0.7492,1
HD_BM_3__GAACATCAGTGCGTGA-1,HD_BM_3,1,0.8223,1
HD_BM_3__GAACATCGTGTGGCTC-1,HD_BM_3,1,0.5186,1
HD_BM_3__GAACATCTCAAGGTAA-1,HD_BM_3,1,0.6602,1
HD_BM_3__GAACCTACACTAAGTC-1,HD_BM_3,1,0.5309,1
HD_BM_3__GAACGGAAGGTGATAT-1,HD_BM_3,0,0.9211,1
HD_BM_3__GAACGGACATAGGATA-1,HD_BM_3,1,0.5348,1
HD_BM_3__GAACGGAGTGCTCTTC-1,HD_BM_3,1,0.596,1
HD_BM_3__GAAGCAGAGAGGTTGC-1,HD_BM_3,1,0.5344,1
HD_BM_3__GAAGCAGAGCCAGTTT-1,HD_BM_3,1,0.6727,1
HD_BM_3__GAAGCAGAGGCCGAAT-1,HD_BM_3,1,0.6536,1
HD_BM_3__GAAGCAGCAGTCAGAG-1,HD_BM_3,1,0.5594,1
HD_BM_3__GAAGCAGGTAGCTTGT-1,HD_BM_3,1,0.5226,1
HD_BM_3__GAAGCAGGTTCGAATC-1,HD_BM_3,1,0.5641,1
HD_BM_3__GAAGCAGTCATCGGAT-1,HD_BM_3,2,0.5015,1
HD_BM_3__GAATAAGTCGCCAGCA-1,HD_BM_3,1,0.527,1
HD_BM_3__GAATGAAAGACTTTCG-1,HD_BM_3,1,0.6249,1
HD_BM_3__GAATGAAAGAGGTAGA-1,HD_BM_3,1,0.5186,1
HD_BM_3__GAATGAACACGACGAA-1,HD_BM_3,1,0.5394,1
HD_BM_3__GAATGAACATAAAGGT-1,HD_BM_3,1,0.5142,1
HD_BM_3__GAATGAAGTCGTTGTA-1,HD_BM_3,1,0.5512,1
HD_BM_3__GACACGCAGGCCCTTG-1,HD_BM_3,1,0.5408,1
HD_BM_3__GACACGCGTAAGTAGT-1,HD_BM_3,1,0.5638,1
HD_BM_3__GACACGCGTTGTTTGG-1,HD_BM_3,1,0.5222,1
HD_BM_3__GACACGCTCACGCATA-1,HD_BM_3,1,0.5313,1
HD_BM_3__GACAGAGAGGAATTAC-1,HD_BM_3,1,0.5628,1
HD_BM_3__GACAGAGGTAGGGACT-1,HD_BM_3,1,0.5392,1
HD_BM_3__GACAGAGGTTATCACG-1,HD_BM_3,1,0.5311,1
HD_BM_3__GACAGAGTCCACGTGG-1,HD_BM_3,2,0.7492,1
HD_BM_3__GACAGAGTCCCTAACC-1,HD_BM_3,1,0.5311,1
HD_BM_3__GACCAATAGACTAGGC-1,HD_BM_3,1,0.5436,1
HD_BM_3__GACCAATCACCAGATT-1,HD_BM_3,1,0.5313,1
HD_BM_3__GACCAATGTCCTGCTT-1,HD_BM_3,1,0.5557,1
HD_BM_3__GACCAATTCTCATTCA-1,HD_BM_3,1,0.5809,1
HD_BM_3__GACCTGGCACATTTCT-1,HD_BM_3,1,0.5312,1
HD_BM_3__GACCTGGGTGCTTCTC-1,HD_BM_3,1,0.5477,1
HD_BM_3__GACGCGTCAAACTGTC-1,HD_BM_3,1,0.5311,1
HD_BM_3__GACGCGTCACGTCAGC-1,HD_BM_3,1,0.5714,1
HD_BM_3__GACGCGTGTGAAAGAG-1,HD_BM_3,1,0.5633,1
HD_BM_3__GACGCGTGTGAGTATA-1,HD_BM_3,2,0.5092,1
HD_BM_3__GACGCGTTCGGAAATA-1,HD_BM_3,1,0.5516,1
HD_BM_3__GACGCGTTCTTGAGGT-1,HD_BM_3,1,0.501,1
HD_BM_3__GACGGCTAGGGTATCG-1,HD_BM_3,1,0.6036,1
HD_BM_3__GACGGCTAGTAGGCCA-1,HD_BM_3,1,0.6766,1
HD_BM_3__GACGGCTAGTGTTAGA-1,HD_BM_3,2,0.8166,1
HD_BM_3__GACGGCTCAAGAAGAG-1,HD_BM_3,2,0.845,1
HD_BM_3__GACGGCTGTAAACGCG-1,HD_BM_3,1,0.5348,1
HD_BM_3__GACGGCTTCGAATGCT-1,HD_BM_3,2,0.8331,1
HD_BM_3__GACGTGCCACAACGTT-1,HD_BM_3,1,0.5601,1
HD_BM_3__GACGTTACACGAGGTA-1,HD_BM_3,1,0.5261,1
HD_BM_3__GACGTTAGTTCGTGAT-1,HD_BM_3,1,0.5061,1
HD_BM_3__GACGTTATCGTTGACA-1,HD_BM_3,1,0.6085,1
HD_BM_3__GACTAACCAATCCAAC-1,HD_BM_3,1,0.5228,1
HD_BM_3__GACTAACTCACTGGGC-1,HD_BM_3,1,0.5884,1
HD_BM_3__GACTAACTCCGTTGTC-1,HD_BM_3,0,0.4497,1
HD_BM_3__GACTACAAGGATGGTC-1,HD_BM_3,1,0.6042,1
HD_BM_3__GACTACACAATCTGCA-1,HD_BM_3,2,0.8478,1
HD_BM_3__GACTACACACAACGCC-1,HD_BM_3,1,0.5804,1
HD_BM_3__GACTACATCACCCGAG-1,HD_BM_3,2,0.9887,1
HD_BM_3__GACTACATCCGAGCCA-1,HD_BM_3,2,0.7687,1
HD_BM_3__GACTGCGGTTCGGGCT-1,HD_BM_3,1,0.5599,1
HD_BM_3__GAGCAGAAGGATGGAA-1,HD_BM_3,1,0.604,1
HD_BM_3__GAGCAGACAAAGGCGT-1,HD_BM_3,2,0.3498,1
HD_BM_3__GAGGTGAAGTTATCGC-1,HD_BM_3,1,0.5312,1
HD_BM_3__GAGGTGAGTCACCTAA-1,HD_BM_3,1,0.5848,1
HD_BM_3__GAGGTGAGTGAAGGCT-1,HD_BM_3,2,0.8018,1
HD_BM_3__GAGGTGATCGCCTGTT-1,HD_BM_3,1,0.5886,1
HD_BM_3__GAGGTGATCGGTGTCG-1,HD_BM_3,2,0.8174,1
HD_BM_3__GAGGTGATCGTCCAGG-1,HD_BM_3,1,0.6314,1
HD_BM_3__GAGTCCGCAATGCCAT-1,HD_BM_3,1,0.5558,1
HD_BM_3__GAGTCCGCAGCGAACA-1,HD_BM_3,1,0.5924,1
HD_BM_3__GATCAGTAGTCCAGGA-1,HD_BM_3,1,0.5061,1
HD_BM_3__GATCAGTGTCTCCATC-1,HD_BM_3,2,0.8715,1
HD_BM_3__GATCAGTTCACGCATA-1,HD_BM_3,1,0.5105,1
HD_BM_3__GATCAGTTCGGATGTT-1,HD_BM_3,2,0.7898,1
HD_BM_3__GATCGATAGATCCCAT-1,HD_BM_3,1,0.5436,1
HD_BM_3__GATCGATAGTCCCACG-1,HD_BM_3,1,0.6396,1
HD_BM_3__GATCGATCAGATGGCA-1,HD_BM_3,1,0.5143,1
HD_BM_3__GATCGATCAGCTGTTA-1,HD_BM_3,1,0.5645,1
HD_BM_3__GATCGATCATAGTAAG-1,HD_BM_3,1,0.5723,1
HD_BM_3__GATCGATGTCATCGGC-1,HD_BM_3,1,0.5519,1
HD_BM_3__GATCGTAAGGTGATAT-1,HD_BM_3,1,0.5187,1
HD_BM_3__GATCGTACAGACACTT-1,HD_BM_3,1,0.5105,1
HD_BM_3__GATCGTAGTAAGGGCT-1,HD_BM_3,1,0.591,1
HD_BM_3__GATCTAGAGATCGGGT-1,HD_BM_3,1,0.5997,1
HD_BM_3__GATCTAGAGGGAACGG-1,HD_BM_3,2,0.722,1
HD_BM_3__GATCTAGGTCTGCGGT-1,HD_BM_3,1,0.5269,1
HD_BM_3__GATGAAAAGGATGTAT-1,HD_BM_3,1,0.7542,1
HD_BM_3__GATGAAACATCAGTCA-1,HD_BM_3,1,0.5721,1
HD_BM_3__GATGAAATCCACGCAG-1,HD_BM_3,1,0.564,1
HD_BM_3__GATGAGGCACCAGATT-1,HD_BM_3,2,0.6702,1
HD_BM_3__GATGAGGGTGATGTGG-1,HD_BM_3,1,0.535,1
HD_BM_3__GATGAGGGTGGTCCGT-1,HD_BM_3,1,0.5146,1
HD_BM_3__GATGAGGTCTCGTTTA-1,HD_BM_3,1,0.502,1
HD_BM_3__GATGCTAAGGGATACC-1,HD_BM_3,1,0.6044,1
HD_BM_3__GATGCTACAAGTTGTC-1,HD_BM_3,2,0.8098,1
HD_BM_3__GATGCTAGTCAGCTAT-1,HD_BM_3,1,0.5385,1
HD_BM_3__GATGCTATCCTTGACC-1,HD_BM_3,1,0.5313,1
HD_BM_3__GATTCAGAGACTTTCG-1,HD_BM_3,2,0.6711,1
HD_BM_3__GATTCAGCACTGCCAG-1,HD_BM_3,1,0.5515,1
HD_BM_3__GATTCAGGTGACAAAT-1,HD_BM_3,1,0.5562,1
HD_BM_3__GATTCAGGTTGTGGAG-1,HD_BM_3,1,0.5472,1
HD_BM_3__GATTCAGTCACCACCT-1,HD_BM_3,0,0.4476,1
HD_BM_3__GCAAACTAGAAGGCCT-1,HD_BM_3,1,0.6431,1
HD_BM_3__GCAAACTCATTCCTGC-1,HD_BM_3,2,0.7855,1
HD_BM_3__GCAATCAAGGTGGGTT-1,HD_BM_3,1,0.5635,1
HD_BM_3__GCAATCAGTATCACCA-1,HD_BM_3,2,0.7993,1
HD_BM_3__GCACATACATTCCTCG-1,HD_BM_3,2,0.6701,1
HD_BM_3__GCACATAGTCAATACC-1,HD_BM_3,1,0.5315,1
HD_BM_3__GCACATAGTGTTTGTG-1,HD_BM_3,1,0.5017,1
HD_BM_3__GCACTCTAGACAGAGA-1,HD_BM_3,1,0.5559,1
HD_BM_3__GCACTCTTCACAGTAC-1,HD_BM_3,1,0.589,1
HD_BM_3__GCAGCCACACCATCCT-1,HD_BM_3,2,0.5143,1
HD_BM_3__GCAGCCATCATTGCGA-1,HD_BM_3,2,0.8102,1
HD_BM_3__GCAGCCATCCAGATCA-1,HD_BM_3,2,0.8296,1
HD_BM_3__GCAGTTAAGACTACAA-1,HD_BM_3,1,0.5984,1
HD_BM_3__GCAGTTAAGGTAGCCA-1,HD_BM_3,2,0.7081,1
HD_BM_3__GCATACATCGCGCCAA-1,HD_BM_3,1,0.5554,1
HD_BM_3__GCATACATCGCTAGCG-1,HD_BM_3,1,0.6117,1
HD_BM_3__GCATGATAGGGTTTCT-1,HD_BM_3,2,0.709,1
HD_BM_3__GCATGATCAGGTGGAT-1,HD_BM_3,1,0.5223,1
HD_BM_3__GCATGATCATTATCTC-1,HD_BM_3,2,0.5093,1
HD_BM_3__GCATGATTCGAATCCA-1,HD_BM_3,1,0.5683,1
HD_BM_3__GCATGATTCTGATACG-1,HD_BM_3,2,0.8099,1
HD_BM_3__GCATGCGTCAATCTCT-1,HD_BM_3,2,0.5118,1
HD_BM_3__GCATGTAAGACTAGAT-1,HD_BM_3,1,0.5556,1
HD_BM_3__GCATGTAAGCGTGTCC-1,HD_BM_3,1,0.5352,1
HD_BM_3__GCATGTAAGTTGAGAT-1,HD_BM_3,2,0.7468,1
HD_BM_3__GCATGTACATCCCACT-1,HD_BM_3,1,0.5392,1
HD_BM_3__GCATGTAGTGTGTGCC-1,HD_BM_3,1,0.5891,1
HD_BM_3__GCCAAATAGTAATCCC-1,HD_BM_3,1,0.7326,1
HD_BM_3__GCCAAATAGTGTGAAT-1,HD_BM_3,2,0.8091,1
HD_BM_3__GCCAAATGTATTCGTG-1,HD_BM_3,2,0.8543,1
HD_BM_3__GCCAAATTCGGCGCAT-1,HD_BM_3,2,0.8409,1
HD_BM_3__GCCTCTAAGGACCACA-1,HD_BM_3,1,0.813,1
HD_BM_3__GCCTCTACAAGGTTTC-1,HD_BM_3,1,0.5312,1
HD_BM_3__GCCTCTACATATGGTC-1,HD_BM_3,2,0.7779,1
HD_BM_3__GCCTCTACATGTTCCC-1,HD_BM_3,1,0.604,1
HD_BM_3__GCCTCTAGTGGTACAG-1,HD_BM_3,1,0.6447,1
HD_BM_3__GCGACCAAGCAGATCG-1,HD_BM_3,1,0.5225,1
HD_BM_3__GCGACCACAAGGTTCT-1,HD_BM_3,1,0.5455,1
HD_BM_3__GCGACCAGTTCAGACT-1,HD_BM_3,1,0.5062,1
HD_BM_3__GCGAGAAAGGCGCTCT-1,HD_BM_3,1,0.5666,1
HD_BM_3__GCGAGAAAGTGGTCCC-1,HD_BM_3,1,0.5437,1
HD_BM_3__GCGAGAAAGTTCGCAT-1,HD_BM_3,2,0.8453,1
HD_BM_3__GCGAGAACACCGGAAA-1,HD_BM_3,1,0.5312,1
HD_BM_3__GCGAGAACAGCCAATT-1,HD_BM_3,2,0.8614,1
HD_BM_3__GCGAGAAGTACGCTGC-1,HD_BM_3,1,0.5514,1
HD_BM_3__GCGAGAATCCTGCCAT-1,HD_BM_3,1,0.5063,1
HD_BM_3__GCGCAACGTATGGTTC-1,HD_BM_3,1,0.551,1
HD_BM_3__GCGCAACTCAAGCCTA-1,HD_BM_3,1,0.5646,1
HD_BM_3__GCGCAACTCCAAGTAC-1,HD_BM_3,1,0.6813,1
HD_BM_3__GCGCAGTAGACACGAC-1,HD_BM_3,1,0.5063,1
HD_BM_3__GCGCAGTAGCAGCCTC-1,HD_BM_3,2,0.8589,1
HD_BM_3__GCGCAGTCAGTAGAGC-1,HD_BM_3,1,0.5593,1
HD_BM_3__GCGCAGTCATTTCAGG-1,HD_BM_3,1,0.5313,1
HD_BM_3__GCGCAGTGTAAGTTCC-1,HD_BM_3,2,0.6175,1
HD_BM_3__GCGCAGTGTGTGGTTT-1,HD_BM_3,1,0.5477,1
HD_BM_3__GCGCAGTTCAGTGTTG-1,HD_BM_3,1,0.563,1
HD_BM_3__GCGCCAACAACAACCT-1,HD_BM_3,1,0.5394,1
HD_BM_3__GCGCCAAGTCATCGGC-1,HD_BM_3,1,0.5602,1
HD_BM_3__GCGCCAATCTGTACGA-1,HD_BM_3,1,0.5312,1
HD_BM_3__GCGCGATGTGCCTGCA-1,HD_BM_3,1,0.5639,1
HD_BM_3__GCGCGATGTTGGGACA-1,HD_BM_3,1,0.5711,1
HD_BM_3__GCGCGATTCCACGTTC-1,HD_BM_3,1,0.5104,1
HD_BM_3__GCGGGTTAGGCTACGA-1,HD_BM_3,1,0.6345,1
HD_BM_3__GCGGGTTAGTACTTGC-1,HD_BM_3,1,0.4107,1
HD_BM_3__GCGGGTTAGTGTTGAA-1,HD_BM_3,1,0.5144,1
HD_BM_3__GCGGGTTTCCGTAGGC-1,HD_BM_3,1,0.5557,1
HD_BM_3__GCTCCTAAGGAGCGAG-1,HD_BM_3,1,0.5269,1
HD_BM_3__GCTCCTACACGCGAAA-1,HD_BM_3,1,0.5635,1
HD_BM_3__GCTCCTACATCTCGCT-1,HD_BM_3,1,0.5061,1
HD_BM_3__GCTCCTAGTGTGGCTC-1,HD_BM_3,2,0.7905,1
HD_BM_3__GCTCTGTAGGGATACC-1,HD_BM_3,1,0.5093,1
HD_BM_3__GCTCTGTCAGCGTCCA-1,HD_BM_3,1,0.584,1
HD_BM_3__GCTGCAGAGGAATTAC-1,HD_BM_3,1,0.5059,1
HD_BM_3__GCTGCAGGTCTCAACA-1,HD_BM_3,1,0.5803,1
HD_BM_3__GCTGCAGGTGCGATAG-1,HD_BM_3,1,0.5875,1
HD_BM_3__GCTGCAGTCACTATTC-1,HD_BM_3,1,0.5552,1
HD_BM_3__GCTGCGACACACCGAC-1,HD_BM_3,1,0.7331,1
HD_BM_3__GCTGCGATCCCTCTTT-1,HD_BM_3,1,0.5001,1
HD_BM_3__GCTGCGATCTAACCGA-1,HD_BM_3,1,0.5351,1
HD_BM_3__GCTGCTTCAAGCCATT-1,HD_BM_3,1,0.5104,1
HD_BM_3__GCTGCTTCAGGGCATA-1,HD_BM_3,1,0.56,1
HD_BM_3__GCTGCTTTCCAGAAGG-1,HD_BM_3,2,0.7097,1
HD_BM_3__GCTGCTTTCCAGATCA-1,HD_BM_3,2,0.7237,1
HD_BM_3__GCTGGGTGTGTTCTTT-1,HD_BM_3,1,0.5475,1
HD_BM_3__GCTGGGTTCAGTCAGT-1,HD_BM_3,1,0.6313,1
HD_BM_3__GCTGGGTTCCGTTGCT-1,HD_BM_3,1,0.5436,1
HD_BM_3__GCTGGGTTCGATAGAA-1,HD_BM_3,2,0.8106,1
HD_BM_3__GCTTCCATCATAACCG-1,HD_BM_3,1,0.5187,1
HD_BM_3__GCTTCCATCCACGTTC-1,HD_BM_3,0,0.8829,1
HD_BM_3__GCTTCCATCCGCATAA-1,HD_BM_3,1,0.5357,1
HD_BM_3__GCTTGAACACTGCCAG-1,HD_BM_3,1,0.5637,1
HD_BM_3__GCTTGAACATTCACTT-1,HD_BM_3,2,0.8275,1
HD_BM_3__GCTTGAATCCACGTGG-1,HD_BM_3,1,0.5961,1
HD_BM_3__GCTTGAATCTAACCGA-1,HD_BM_3,1,0.5063,1
HD_BM_3__GCTTGAATCTTGGGTA-1,HD_BM_3,1,0.5061,1
HD_BM_3__GCTTGAATCTTGTTTG-1,HD_BM_3,1,0.5803,1
HD_BM_3__GGAAAGCAGGGATGGG-1,HD_BM_3,1,0.5367,1
HD_BM_3__GGAAAGCAGTAAGTAC-1,HD_BM_3,1,0.5676,1
HD_BM_3__GGAAAGCAGTGGGTTG-1,HD_BM_3,1,0.5143,1
HD_BM_3__GGAAAGCCACGGTAGA-1,HD_BM_3,1,0.5676,1
HD_BM_3__GGAAAGCGTAAGTGTA-1,HD_BM_3,1,0.57,1
HD_BM_3__GGAAAGCTCGTTACAG-1,HD_BM_3,1,0.5467,1
HD_BM_3__GGAACTTCATATGAGA-1,HD_BM_3,1,0.5395,1
HD_BM_3__GGAATAAAGGATGTAT-1,HD_BM_3,1,0.5217,1
HD_BM_3__GGAATAAGTGGCGAAT-1,HD_BM_3,1,0.5826,1
HD_BM_3__GGACAAGAGACAAAGG-1,HD_BM_3,2,0.8205,1
HD_BM_3__GGACAAGAGCATCATC-1,HD_BM_3,1,0.5267,1
HD_BM_3__GGACAAGAGTCTCAAC-1,HD_BM_3,1,0.6155,1
HD_BM_3__GGACAAGTCAGATAAG-1,HD_BM_3,1,0.5639,1
HD_BM_3__GGACAGAAGAATTGTG-1,HD_BM_3,2,0.7059,1
HD_BM_3__GGACAGACACTACAGT-1,HD_BM_3,1,0.5147,1
HD_BM_3__GGACAGAGTAGGCATG-1,HD_BM_3,1,0.5676,1
HD_BM_3__GGACAGAGTTATGTGC-1,HD_BM_3,1,0.5714,1
HD_BM_3__GGACAGATCCGCAAGC-1,HD_BM_3,1,0.5641,1
HD_BM_3__GGACATTAGGGAAACA-1,HD_BM_3,1,0.527,1
HD_BM_3__GGACATTCATAGACTC-1,HD_BM_3,2,0.5058,1
HD_BM_3__GGACATTGTATAGGGC-1,HD_BM_3,0,0.7151,1
HD_BM_3__GGACGTCGTGCTCTTC-1,HD_BM_3,1,0.5228,1
HD_BM_3__GGACGTCGTTCGTCTC-1,HD_BM_3,1,0.5019,1
HD_BM_3__GGAGCAACATCGGAAG-1,HD_BM_3,1,0.5475,1
HD_BM_3__GGAGCAAGTGATGCCC-1,HD_BM_3,2,0.8683,1
HD_BM_3__GGAGCAATCAGCGACC-1,HD_BM_3,1,0.5563,1
HD_BM_3__GGATGTTAGAGGTAGA-1,HD_BM_3,1,0.5266,1
HD_BM_3__GGATGTTAGTGTTAGA-1,HD_BM_3,1,0.5682,1
HD_BM_3__GGATGTTTCATTCACT-1,HD_BM_3,1,0.552,1
HD_BM_3__GGATTACAGTGTACCT-1,HD_BM_3,2,0.7987,1
HD_BM_3__GGATTACCAATGAATG-1,HD_BM_3,1,0.5391,1
HD_BM_3__GGATTACCAGACAGGT-1,HD_BM_3,1,0.4824,1
HD_BM_3__GGATTACCAGCCTGTG-1,HD_BM_3,1,0.5439,1
HD_BM_3__GGATTACCATCACGAT-1,HD_BM_3,1,0.5021,1
HD_BM_3__GGCAATTAGTCCGTAT-1,HD_BM_3,2,0.8531,1
HD_BM_3__GGCAATTTCAATACCG-1,HD_BM_3,1,0.5549,1
HD_BM_3__GGCCGATAGGAGTAGA-1,HD_BM_3,1,0.5593,1
HD_BM_3__GGCCGATTCAACGAAA-1,HD_BM_3,1,0.6183,1
HD_BM_3__GGCCGATTCACTTCAT-1,HD_BM_3,1,0.5436,1
HD_BM_3__GGCCGATTCGGCTACG-1,HD_BM_3,1,0.5641,1
HD_BM_3__GGCGACTAGAGTGACC-1,HD_BM_3,1,0.6603,1
HD_BM_3__GGCGTGTAGCTGTCTA-1,HD_BM_3,1,0.5296,1
HD_BM_3__GGCGTGTCATCCGCGA-1,HD_BM_3,1,0.5837,1
HD_BM_3__GGCGTGTGTGTTGGGA-1,HD_BM_3,1,0.6302,1
HD_BM_3__GGCTCGAAGAACAATC-1,HD_BM_3,1,0.5062,1
HD_BM_3__GGCTGGTGTCATCCCT-1,HD_BM_3,1,0.5725,1
HD_BM_3__GGCTGGTGTCGACTGC-1,HD_BM_3,1,0.5515,1
HD_BM_3__GGGAATGAGCCGCCTA-1,HD_BM_3,1,0.5188,1
HD_BM_3__GGGAATGAGGAGTAGA-1,HD_BM_3,1,0.5101,1
HD_BM_3__GGGAATGCATATGGTC-1,HD_BM_3,2,0.7068,1
HD_BM_3__GGGAATGCATCGTCGG-1,HD_BM_3,1,0.5512,1
HD_BM_3__GGGAATGTCAGCACAT-1,HD_BM_3,1,0.5313,1
HD_BM_3__GGGAATGTCCGTAGTA-1,HD_BM_3,1,0.568,1
HD_BM_3__GGGAATGTCCTCTAGC-1,HD_BM_3,1,0.6198,1
HD_BM_3__GGGAATGTCGTGGGAA-1,HD_BM_3,1,0.4072,1
HD_BM_3__GGGACCTAGGCATGGT-1,HD_BM_3,2,0.864,1
HD_BM_3__GGGACCTCATGGATGG-1,HD_BM_3,1,0.58,1
HD_BM_3__GGGACCTTCGATGAGG-1,HD_BM_3,1,0.5918,1
HD_BM_3__GGGACCTTCGCCATAA-1,HD_BM_3,1,0.5188,1
HD_BM_3__GGGATGAAGGCATTGG-1,HD_BM_3,1,0.5919,1
HD_BM_3__GGGATGAGTCTAGCCG-1,HD_BM_3,1,0.6743,1
HD_BM_3__GGGATGAGTTCAACCA-1,HD_BM_3,2,0.5056,1
HD_BM_3__GGGCACTCAATGGACG-1,HD_BM_3,1,0.6197,1
HD_BM_3__GGGCACTCAGCTCGCA-1,HD_BM_3,1,0.5721,1
HD_BM_3__GGGCACTCATGGTAGG-1,HD_BM_3,1,0.5723,1
HD_BM_3__GGGCACTGTGGGTCAA-1,HD_BM_3,1,0.5347,1
HD_BM_3__GGGCACTGTGTAAGTA-1,HD_BM_3,1,0.5185,1
HD_BM_3__GGGCATCAGCTCAACT-1,HD_BM_3,1,0.5514,1
HD_BM_3__GGGCATCCAGGGTACA-1,HD_BM_3,1,0.5345,1
HD_BM_3__GGGCATCCATCCGTGG-1,HD_BM_3,1,0.5354,1
HD_BM_3__GGGCATCTCTAGCACA-1,HD_BM_3,2,0.855,1
HD_BM_3__GGGTCTGGTACCTACA-1,HD_BM_3,1,0.5803,1
HD_BM_3__GGGTCTGGTCCGCTGA-1,HD_BM_3,1,0.5678,1
HD_BM_3__GGGTTGCAGAAACCTA-1,HD_BM_3,1,0.6119,1
HD_BM_3__GGGTTGCCATGTTCCC-1,HD_BM_3,1,0.5672,1
HD_BM_3__GGGTTGCGTTTACTCT-1,HD_BM_3,2,0.6438,1
HD_BM_3__GGGTTGCTCAACACCA-1,HD_BM_3,2,0.8519,1
HD_BM_3__GGGTTGCTCAGTTGAC-1,HD_BM_3,2,0.8685,1
HD_BM_3__GGGTTGCTCATGTAGC-1,HD_BM_3,1,0.5269,1
HD_BM_3__GGTATTGAGGGAGTAA-1,HD_BM_3,1,0.5598,1
HD_BM_3__GGTATTGCATTAGGCT-1,HD_BM_3,1,0.5843,1
HD_BM_3__GGTATTGGTGACGGTA-1,HD_BM_3,1,0.5143,1
HD_BM_3__GGTGAAGAGAAACGAG-1,HD_BM_3,1,0.5511,1
HD_BM_3__GGTGAAGAGAGACTAT-1,HD_BM_3,1,0.6147,1
HD_BM_3__GGTGAAGCAATGGTCT-1,HD_BM_3,2,0.7478,1
HD_BM_3__GGTGAAGCAGCTGGCT-1,HD_BM_3,1,0.5395,1
HD_BM_3__GGTGAAGCATCGATGT-1,HD_BM_3,1,0.5432,1
HD_BM_3__GGTGAAGGTTCCAACA-1,HD_BM_3,1,0.5374,1
HD_BM_3__GGTGCGTTCGGTGTCG-1,HD_BM_3,1,0.5754,1
HD_BM_3__GGTGCGTTCTTGTATC-1,HD_BM_3,1,0.547,1
HD_BM_3__GGTGTTAGTAGGGTAC-1,HD_BM_3,2,0.7871,1
HD_BM_3__GTAACGTGTCATACTG-1,HD_BM_3,1,0.502,1
HD_BM_3__GTAACTGCAACTGGCC-1,HD_BM_3,1,0.5476,1
HD_BM_3__GTAACTGCAGGATTGG-1,HD_BM_3,1,0.5474,1
HD_BM_3__GTAACTGCAGGGTACA-1,HD_BM_3,2,0.7689,1
HD_BM_3__GTAACTGGTATTCGTG-1,HD_BM_3,2,0.5058,1
HD_BM_3__GTAACTGTCAACACCA-1,HD_BM_3,1,0.5206,1
HD_BM_3__GTACGTACAGATAATG-1,HD_BM_3,1,0.5105,1
HD_BM_3__GTACGTAGTGTGAATA-1,HD_BM_3,2,0.807,1
HD_BM_3__GTACGTATCACTCCTG-1,HD_BM_3,1,0.5145,1
HD_BM_3__GTACTCCCAGCCTTGG-1,HD_BM_3,2,0.8646,1
HD_BM_3__GTACTCCGTGCCTGCA-1,HD_BM_3,1,0.5599,1
HD_BM_3__GTACTCCTCAAAGTAG-1,HD_BM_3,1,0.5101,1
HD_BM_3__GTACTCCTCAACACCA-1,HD_BM_3,1,0.5228,1
HD_BM_3__GTACTCCTCTTGCAAG-1,HD_BM_3,1,0.5758,1
HD_BM_3__GTACTTTAGTACATGA-1,HD_BM_3,1,0.5564,1
HD_BM_3__GTAGGCCCAAGTCTGT-1,HD_BM_3,2,0.7832,1
HD_BM_3__GTAGGCCCACATAACC-1,HD_BM_3,1,0.5402,1
HD_BM_3__GTAGGCCTCACCACCT-1,HD_BM_3,2,0.9751,1
HD_BM_3__GTAGGCCTCACTGGGC-1,HD_BM_3,1,0.5513,1
HD_BM_3__GTAGGCCTCTTGTATC-1,HD_BM_3,1,0.6942,1
HD_BM_3__GTAGTCAAGAAACCAT-1,HD_BM_3,2,0.6166,1
HD_BM_3__GTAGTCAAGATGTTAG-1,HD_BM_3,1,0.6038,1
HD_BM_3__GTAGTCAGTGCGCTTG-1,HD_BM_3,1,0.5395,1
HD_BM_3__GTAGTCATCTGCGACG-1,HD_BM_3,1,0.7316,1
HD_BM_3__GTATCTTAGCACCGCT-1,HD_BM_3,2,0.5099,1
HD_BM_3__GTATCTTGTCTCTTAT-1,HD_BM_3,1,0.7284,1
HD_BM_3__GTATTCTAGCCCTAAT-1,HD_BM_3,1,0.5723,1
HD_BM_3__GTATTCTCATGTAGTC-1,HD_BM_3,2,0.8129,1
HD_BM_3__GTCAAGTGTGCCTGTG-1,HD_BM_3,1,0.6199,1
HD_BM_3__GTCACAAAGAAGGACA-1,HD_BM_3,1,0.5177,1
HD_BM_3__GTCACAACATTGAGCT-1,HD_BM_3,2,0.5015,1
HD_BM_3__GTCACAAGTAGCGTCC-1,HD_BM_3,1,0.5652,1
HD_BM_3__GTCACAAGTCAGATAA-1,HD_BM_3,1,0.5557,1
HD_BM_3__GTCACGGTCATGTCCC-1,HD_BM_3,1,0.5394,1
HD_BM_3__GTCACGGTCCGTTGCT-1,HD_BM_3,2,0.8337,1
HD_BM_3__GTCACGGTCGTATCAG-1,HD_BM_3,1,0.5392,1
HD_BM_3__GTCATTTAGCAGGCTA-1,HD_BM_3,2,0.8089,1
HD_BM_3__GTCATTTCAGCGATCC-1,HD_BM_3,2,0.7855,1
HD_BM_3__GTCATTTCAGTTCCCT-1,HD_BM_3,1,0.56,1
HD_BM_3__GTCGGGTGTTACGGAG-1,HD_BM_3,1,0.5916,1
HD_BM_3__GTCGGGTGTTCCACGG-1,HD_BM_3,2,0.8298,1
HD_BM_3__GTCGTAAAGCCGCCTA-1,HD_BM_3,1,0.5103,1
HD_BM_3__GTCGTAAAGGCTAGGT-1,HD_BM_3,1,0.5004,1
HD_BM_3__GTCGTAAAGTTGCAGG-1,HD_BM_3,2,0.8144,1
HD_BM_3__GTCGTAACAGACAAGC-1,HD_BM_3,2,0.7738,1
HD_BM_3__GTGAAGGAGCACGCCT-1,HD_BM_3,1,0.5475,1
HD_BM_3__GTGAAGGGTAAGGGAA-1,HD_BM_3,1,0.5431,1
HD_BM_3__GTGAAGGGTGTCCTCT-1,HD_BM_3,1,0.5014,1
HD_BM_3__GTGCAGCAGCTTATCG-1,HD_BM_3,2,0.906,1
HD_BM_3__GTGCAGCGTAAACACA-1,HD_BM_3,1,0.5553,1
HD_BM_3__GTGCAGCGTCCATCCT-1,HD_BM_3,1,0.5393,1
HD_BM_3__GTGCATAAGAAAGTGG-1,HD_BM_3,2,0.5056,1
HD_BM_3__GTGCATAAGGTCATCT-1,HD_BM_3,2,0.6179,1
HD_BM_3__GTGCATACAATCGGTT-1,HD_BM_3,1,0.592,1
HD_BM_3__GTGCATACATGACATC-1,HD_BM_3,1,0.5477,1
HD_BM_3__GTGCGGTAGCTGTCTA-1,HD_BM_3,1,0.5602,1
HD_BM_3__GTGCGGTGTTCACGGC-1,HD_BM_3,2,0.6696,1
HD_BM_3__GTGCGGTTCGTCCGTT-1,HD_BM_3,1,0.5189,1
HD_BM_3__GTGCGGTTCTGTGCAA-1,HD_BM_3,1,0.6312,1
HD_BM_3__GTGCGGTTCTTTACAC-1,HD_BM_3,1,0.5838,1
HD_BM_3__GTGCTTCAGTCGAGTG-1,HD_BM_3,2,0.6172,1
HD_BM_3__GTGCTTCAGTGGTCCC-1,HD_BM_3,1,0.5434,1
HD_BM_3__GTGCTTCCAGATGGCA-1,HD_BM_3,1,0.5308,1
HD_BM_3__GTGCTTCCAGGCTGAA-1,HD_BM_3,2,0.5056,1
HD_BM_3__GTGCTTCTCAAAGACA-1,HD_BM_3,1,0.5145,1
HD_BM_3__GTGGGTCAGCAGACTG-1,HD_BM_3,1,0.5243,1
HD_BM_3__GTGGGTCAGTTGAGAT-1,HD_BM_3,1,0.5554,1
HD_BM_3__GTGGGTCCAATCCAAC-1,HD_BM_3,1,0.5682,1
HD_BM_3__GTGGGTCCAATGAAAC-1,HD_BM_3,1,0.6388,1
HD_BM_3__GTGGGTCCACGGTAAG-1,HD_BM_3,1,0.5471,1
HD_BM_3__GTGGGTCCAGTCCTTC-1,HD_BM_3,1,0.5927,1
HD_BM_3__GTGGGTCGTGTAACGG-1,HD_BM_3,2,0.8539,1
HD_BM_3__GTGGGTCGTTCGTTGA-1,HD_BM_3,2,0.5401,1
HD_BM_3__GTGGGTCTCAAGATCC-1,HD_BM_3,1,0.5474,1
HD_BM_3__GTGGGTCTCTCCTATA-1,HD_BM_3,1,0.5521,1
HD_BM_3__GTGTGCGAGCGCCTTG-1,HD_BM_3,2,0.8457,1
HD_BM_3__GTGTGCGCACGCGAAA-1,HD_BM_3,1,0.5478,1
HD_BM_3__GTGTGCGCATTTGCCC-1,HD_BM_3,2,0.9918,1
HD_BM_3__GTGTGCGGTCACTGGC-1,HD_BM_3,1,0.5635,1
HD_BM_3__GTGTTAGAGGAATGGA-1,HD_BM_3,1,0.5635,1
HD_BM_3__GTGTTAGAGGTGCACA-1,HD_BM_3,1,0.5962,1
HD_BM_3__GTGTTAGCACGCATCG-1,HD_BM_3,2,0.8628,1
HD_BM_3__GTGTTAGGTCAATGTC-1,HD_BM_3,2,0.8105,1
HD_BM_3__GTGTTAGTCCAAACTG-1,HD_BM_3,1,0.5552,1
HD_BM_3__GTGTTAGTCCAGATCA-1,HD_BM_3,1,0.5679,1
HD_BM_3__GTTAAGCTCAGAAATG-1,HD_BM_3,1,0.5391,1
HD_BM_3__GTTAAGCTCATCATTC-1,HD_BM_3,1,0.6215,1
HD_BM_3__GTTACAGAGTAGTGCG-1,HD_BM_3,2,0.723,1
HD_BM_3__GTTACAGCACTCAGGC-1,HD_BM_3,1,0.5431,1
HD_BM_3__GTTACAGGTAGCGCTC-1,HD_BM_3,1,0.5718,1
HD_BM_3__GTTACAGGTCGAATCT-1,HD_BM_3,1,0.5021,1
HD_BM_3__GTTACAGGTTGATTCG-1,HD_BM_3,2,0.9509,1
HD_BM_3__GTTACAGGTTTGACTG-1,HD_BM_3,2,0.5057,1
HD_BM_3__GTTCATTAGAGACTTA-1,HD_BM_3,1,0.552,1
HD_BM_3__GTTCATTAGGCGATAC-1,HD_BM_3,2,0.8664,1
HD_BM_3__GTTCATTAGGTCGGAT-1,HD_BM_3,1,0.5305,1
HD_BM_3__GTTCATTCAACACCTA-1,HD_BM_3,1,0.5147,1
HD_BM_3__GTTCATTCACTGTTAG-1,HD_BM_3,1,0.6121,1
HD_BM_3__GTTCATTTCTACTATC-1,HD_BM_3,1,0.523,1
HD_BM_3__GTTCATTTCTCCAGGG-1,HD_BM_3,2,0.7775,1
HD_BM_3__GTTCGGGCACAGCGTC-1,HD_BM_3,2,0.8818,1
HD_BM_3__GTTCGGGTCGCGTAGC-1,HD_BM_3,1,0.5549,1
HD_BM_3__GTTCTCGAGATAGCAT-1,HD_BM_3,2,0.5095,1
HD_BM_3__GTTCTCGTCATCGCTC-1,HD_BM_3,1,0.5558,1
HD_BM_3__GTTCTCGTCTGAAAGA-1,HD_BM_3,1,0.5228,1
HD_BM_3__GTTTCTAAGGCCATAG-1,HD_BM_3,1,0.5559,1
HD_BM_3__GTTTCTACAAGAAAGG-1,HD_BM_3,1,0.5188,1
HD_BM_3__TAAACCGCAATCACAC-1,HD_BM_3,1,0.5599,1
HD_BM_3__TAAACCGCACGGCGTT-1,HD_BM_3,1,0.5923,1
HD_BM_3__TAAACCGTCGCCGTGA-1,HD_BM_3,1,0.5723,1
HD_BM_3__TAAACCGTCTGATACG-1,HD_BM_3,2,0.9655,1
HD_BM_3__TAAACCGTCTGGCGAC-1,HD_BM_3,1,0.7166,1
HD_BM_3__TAAGAGATCTTGTTTG-1,HD_BM_3,1,0.506,1
HD_BM_3__TAAGCGTAGGAGTTTA-1,HD_BM_3,1,0.6272,1
HD_BM_3__TAAGCGTAGGCCCGTT-1,HD_BM_3,1,0.6109,1
HD_BM_3__TAAGCGTCACCCATTC-1,HD_BM_3,1,0.6075,1
HD_BM_3__TAAGCGTCAGTCACTA-1,HD_BM_3,2,0.8521,1
HD_BM_3__TAAGCGTCATTGGTAC-1,HD_BM_3,2,0.7859,1
HD_BM_3__TAAGTGCCAGGTCCAC-1,HD_BM_3,1,0.5839,1
HD_BM_3__TAAGTGCGTACAGACG-1,HD_BM_3,1,0.5021,1
HD_BM_3__TACACGACACTCGACG-1,HD_BM_3,1,0.3529,1
HD_BM_3__TACACGACAGCTATTG-1,HD_BM_3,2,0.7488,1
HD_BM_3__TACACGACATCGGTTA-1,HD_BM_3,2,0.8515,1
HD_BM_3__TACACGAGTGTTCTTT-1,HD_BM_3,0,0.4537,1
HD_BM_3__TACAGTGAGAATTCCC-1,HD_BM_3,2,0.69,1
HD_BM_3__TACAGTGCAGATTGCT-1,HD_BM_3,1,0.527,1
HD_BM_3__TACAGTGGTACATCCA-1,HD_BM_3,2,0.8296,1
HD_BM_3__TACAGTGGTAGCGTGA-1,HD_BM_3,2,0.5137,1
HD_BM_3__TACAGTGGTATGAATG-1,HD_BM_3,1,0.5269,1
HD_BM_3__TACAGTGTCATGCATG-1,HD_BM_3,1,0.5536,1
HD_BM_3__TACCTATAGCGTAATA-1,HD_BM_3,1,0.6079,1
HD_BM_3__TACCTATAGGACGAAA-1,HD_BM_3,1,0.5434,1
HD_BM_3__TACCTATGTAGGCTGA-1,HD_BM_3,1,0.5719,1
HD_BM_3__TACCTTAAGGCATTGG-1,HD_BM_3,1,0.556,1
HD_BM_3__TACCTTAAGGTAGCTG-1,HD_BM_3,2,0.9893,1
HD_BM_3__TACGGATAGTGTTGAA-1,HD_BM_3,1,0.5512,1
HD_BM_3__TACGGATTCACATAGC-1,HD_BM_3,1,0.5719,1
HD_BM_3__TACGGATTCATGTGGT-1,HD_BM_3,1,0.5351,1
HD_BM_3__TACGGGCCACAAGTAA-1,HD_BM_3,1,0.5228,1
HD_BM_3__TACGGGCGTACCAGTT-1,HD_BM_3,2,0.8045,1
HD_BM_3__TACGGGCTCACGACTA-1,HD_BM_3,1,0.5395,1
HD_BM_3__TACGGTACAAACTGTC-1,HD_BM_3,1,0.5961,1
HD_BM_3__TACGGTAGTGCCTTGG-1,HD_BM_3,2,0.5058,1
HD_BM_3__TACGGTATCAAACAAG-1,HD_BM_3,1,0.5301,1
HD_BM_3__TACGGTATCCCGACTT-1,HD_BM_3,1,0.6406,1
HD_BM_3__TACTCATAGGAACTGC-1,HD_BM_3,1,0.5352,1
HD_BM_3__TACTCATGTAGGCATG-1,HD_BM_3,2,0.7693,1
HD_BM_3__TACTCGCCATGGTCTA-1,HD_BM_3,2,0.609,1
HD_BM_3__TACTTACCATAACCTG-1,HD_BM_3,2,0.8366,1
HD_BM_3__TACTTGTAGCAATCTC-1,HD_BM_3,1,0.5227,1
HD_BM_3__TACTTGTCAATCGGTT-1,HD_BM_3,1,0.531,1
HD_BM_3__TACTTGTCACATCCAA-1,HD_BM_3,1,0.502,1
HD_BM_3__TACTTGTCATGGTAGG-1,HD_BM_3,1,0.5516,1
HD_BM_3__TACTTGTGTCAGCTAT-1,HD_BM_3,1,0.5559,1
HD_BM_3__TACTTGTGTCTTCGTC-1,HD_BM_3,1,0.5311,1
HD_BM_3__TACTTGTGTGCCTGTG-1,HD_BM_3,1,0.5597,1
HD_BM_3__TACTTGTTCGGGAGTA-1,HD_BM_3,1,0.689,1
HD_BM_3__TAGACCAAGTTAGGTA-1,HD_BM_3,1,0.5313,1
HD_BM_3__TAGACCACAGGAATGC-1,HD_BM_3,1,0.5682,1
HD_BM_3__TAGACCAGTACTTAGC-1,HD_BM_3,1,0.5103,1
HD_BM_3__TAGAGCTAGGAGTTTA-1,HD_BM_3,1,0.559,1
HD_BM_3__TAGAGCTAGGGATGGG-1,HD_BM_3,1,0.5591,1
HD_BM_3__TAGAGCTAGTCGAGTG-1,HD_BM_3,1,0.5825,1
HD_BM_3__TAGAGCTGTCATGCAT-1,HD_BM_3,1,0.5058,1
HD_BM_3__TAGCCGGAGCCACTAT-1,HD_BM_3,1,0.6161,1
HD_BM_3__TAGCCGGCAGTAAGCG-1,HD_BM_3,1,0.5653,1
HD_BM_3__TAGCCGGGTAAATGAC-1,HD_BM_3,1,0.5309,1
HD_BM_3__TAGCCGGGTCGAATCT-1,HD_BM_3,1,0.5514,1
HD_BM_3__TAGCCGGGTTCCACAA-1,HD_BM_3,2,0.5834,1
HD_BM_3__TAGCCGGTCACGGTTA-1,HD_BM_3,2,0.3535,1
HD_BM_3__TAGCCGGTCCACGCAG-1,HD_BM_3,1,0.5518,1
HD_BM_3__TAGCCGGTCCCTCAGT-1,HD_BM_3,1,0.5965,1
HD_BM_3__TAGGCATAGACTACAA-1,HD_BM_3,1,0.5104,1
HD_BM_3__TAGGCATTCAATACCG-1,HD_BM_3,1,0.5673,1
HD_BM_3__TAGTGGTAGACAATAC-1,HD_BM_3,1,0.5751,1
HD_BM_3__TAGTGGTAGACTAGAT-1,HD_BM_3,1,0.6386,1
HD_BM_3__TAGTGGTTCAGTACGT-1,HD_BM_3,1,0.5518,1
HD_BM_3__TAGTGGTTCTACCAGA-1,HD_BM_3,1,0.58,1
HD_BM_3__TAGTTGGTCCGTAGTA-1,HD_BM_3,2,0.7699,1
HD_BM_3__TAGTTGGTCTACTCAT-1,HD_BM_3,1,0.5313,1
HD_BM_3__TATCAGGCAATAGCGG-1,HD_BM_3,2,0.7581,1
HD_BM_3__TATCTCAGTTAGATGA-1,HD_BM_3,2,0.8526,1
HD_BM_3__TATCTCATCAGTGTTG-1,HD_BM_3,1,0.5011,1
HD_BM_3__TATGCCCAGAATCTCC-1,HD_BM_3,1,0.5439,1
HD_BM_3__TATGCCCAGCGCTTAT-1,HD_BM_3,1,0.6122,1
HD_BM_3__TATGCCCGTGAACCTT-1,HD_BM_3,2,0.8553,1
HD_BM_3__TATGCCCGTGCAACTT-1,HD_BM_3,1,0.7208,1
HD_BM_3__TATGCCCTCGGTTAAC-1,HD_BM_3,1,0.523,1
HD_BM_3__TATTACCTCCACGTGG-1,HD_BM_3,1,0.5518,1
HD_BM_3__TATTACCTCGATAGAA-1,HD_BM_3,1,0.527,1
HD_BM_3__TCAACGAAGAGCCCAA-1,HD_BM_3,1,0.5391,1
HD_BM_3__TCAACGACACTTCTGC-1,HD_BM_3,1,0.5103,1
HD_BM_3__TCAATCTAGGGCTCTC-1,HD_BM_3,1,0.7189,1
HD_BM_3__TCAATCTAGTGGGATC-1,HD_BM_3,1,0.6198,1
HD_BM_3__TCAATCTTCTATCCCG-1,HD_BM_3,2,0.8725,1
HD_BM_3__TCAATCTTCTTTACAC-1,HD_BM_3,1,0.5764,1
HD_BM_3__TCACAAGAGACATAAC-1,HD_BM_3,1,0.5805,1
HD_BM_3__TCACAAGGTAAGGGAA-1,HD_BM_3,1,0.5544,1
HD_BM_3__TCACAAGGTGTTTGGT-1,HD_BM_3,1,0.5558,1
HD_BM_3__TCACGAAAGATCCGAG-1,HD_BM_3,1,0.5983,1
HD_BM_3__TCACGAAAGCTAACTC-1,HD_BM_3,1,0.5271,1
HD_BM_3__TCACGAAGTTCGGGCT-1,HD_BM_3,1,0.5178,1
HD_BM_3__TCACGAAGTTTGACTG-1,HD_BM_3,1,0.5271,1
HD_BM_3__TCACGAATCCACGACG-1,HD_BM_3,1,0.5642,1
HD_BM_3__TCAGATGAGTGTACCT-1,HD_BM_3,1,0.5678,1
HD_BM_3__TCAGATGCACGAAAGC-1,HD_BM_3,1,0.5572,1
HD_BM_3__TCAGATGGTTGCCTCT-1,HD_BM_3,1,0.5807,1
HD_BM_3__TCAGATGTCCCTCTTT-1,HD_BM_3,1,0.6113,1
HD_BM_3__TCAGCAACAGGACGTA-1,HD_BM_3,1,0.5062,1
HD_BM_3__TCAGCAATCAGGTTCA-1,HD_BM_3,1,0.5581,1
HD_BM_3__TCAGCTCCATCACCCT-1,HD_BM_3,1,0.5106,1
HD_BM_3__TCAGGATCATATGAGA-1,HD_BM_3,1,0.588,1
HD_BM_3__TCAGGATGTAATAGCA-1,HD_BM_3,1,0.8166,1
HD_BM_3__TCAGGATGTGGCCCTA-1,HD_BM_3,1,0.564,1
HD_BM_3__TCAGGATTCGGCCGAT-1,HD_BM_3,1,0.5186,1
HD_BM_3__TCAGGTACACGAAACG-1,HD_BM_3,1,0.5397,1
HD_BM_3__TCAGGTAGTGAGGGTT-1,HD_BM_3,1,0.3461,1
HD_BM_3__TCATTACCAAATACAG-1,HD_BM_3,1,0.7144,1
HD_BM_3__TCATTACCACCGATAT-1,HD_BM_3,1,0.5564,1
HD_BM_3__TCATTACGTCGAACAG-1,HD_BM_3,2,0.7904,1
HD_BM_3__TCATTACGTTCCCGAG-1,HD_BM_3,1,0.5804,1
HD_BM_3__TCATTTGCACGGTGTC-1,HD_BM_3,1,0.5311,1
HD_BM_3__TCATTTGTCTTTACAC-1,HD_BM_3,0,0.921,1
HD_BM_3__TCCACACAGGATCGCA-1,HD_BM_3,1,0.5104,1
HD_BM_3__TCCACACAGGCGACAT-1,HD_BM_3,1,0.564,1
HD_BM_3__TCCACACCACCATCCT-1,HD_BM_3,1,0.5062,1
HD_BM_3__TCCACACGTGATGTCT-1,HD_BM_3,1,0.538,1
HD_BM_3__TCCACACTCCCAACGG-1,HD_BM_3,1,0.5353,1
HD_BM_3__TCCACACTCCTTTCTC-1,HD_BM_3,1,0.5184,1
HD_BM_3__TCCCGATAGACTTGAA-1,HD_BM_3,1,0.5763,1
HD_BM_3__TCGAGGCCACGTCAGC-1,HD_BM_3,1,0.6199,1
HD_BM_3__TCGAGGCCATGCTGGC-1,HD_BM_3,1,0.5998,1
HD_BM_3__TCGAGGCTCAGAGACG-1,HD_BM_3,1,0.5513,1
HD_BM_3__TCGAGGCTCCTTTACA-1,HD_BM_3,1,0.5436,1
HD_BM_3__TCGAGGCTCTGCCAGG-1,HD_BM_3,1,0.5882,1
HD_BM_3__TCGCGAGGTGCCTGTG-1,HD_BM_3,1,0.5434,1
HD_BM_3__TCGCGTTAGAGAACAG-1,HD_BM_3,1,0.539,1
HD_BM_3__TCGCGTTAGTCAAGGC-1,HD_BM_3,1,0.5185,1
HD_BM_3__TCGCGTTGTTCGTTGA-1,HD_BM_3,2,0.9801,1
HD_BM_3__TCGCGTTGTTTGACAC-1,HD_BM_3,1,0.5269,1
HD_BM_3__TCGCGTTTCCGTCATC-1,HD_BM_3,1,0.5142,1
HD_BM_3__TCGCGTTTCGTAGGAG-1,HD_BM_3,2,0.7833,1
HD_BM_3__TCGGGACCATCTCCCA-1,HD_BM_3,1,0.5104,1
HD_BM_3__TCGGGACGTCATACTG-1,HD_BM_3,1,0.5762,1
HD_BM_3__TCGGTAATCATGTCTT-1,HD_BM_3,1,0.5844,1
HD_BM_3__TCGTACCAGGACACCA-1,HD_BM_3,2,0.8134,1
HD_BM_3__TCGTACCCAAGCGATG-1,HD_BM_3,2,0.9886,1
HD_BM_3__TCGTACCCAGGACGTA-1,HD_BM_3,1,0.5228,1
HD_BM_3__TCGTACCCAGGATCGA-1,HD_BM_3,1,0.5762,1
HD_BM_3__TCGTACCGTGCAACGA-1,HD_BM_3,1,0.5188,1
HD_BM_3__TCGTAGAGTGCACGAA-1,HD_BM_3,2,0.8615,1
HD_BM_3__TCGTAGATCAGCTCGG-1,HD_BM_3,1,0.51,1
HD_BM_3__TCTATTGCAAGAAGAG-1,HD_BM_3,1,0.5635,1
HD_BM_3__TCTATTGCAGCTGTGC-1,HD_BM_3,2,0.9912,1
HD_BM_3__TCTATTGGTAAATGTG-1,HD_BM_3,2,0.8327,1
HD_BM_3__TCTATTGTCCCAAGAT-1,HD_BM_3,1,0.5356,1
HD_BM_3__TCTATTGTCGACGGAA-1,HD_BM_3,1,0.5187,1
HD_BM_3__TCTCATACAAACTGCT-1,HD_BM_3,1,0.5437,1
HD_BM_3__TCTCATAGTTCGGGCT-1,HD_BM_3,1,0.6318,1
HD_BM_3__TCTCATATCTATCCTA-1,HD_BM_3,1,0.5432,1
HD_BM_3__TCTCATATCTTCTGGC-1,HD_BM_3,1,0.5639,1
HD_BM_3__TCTCTAAGTAGAAGGA-1,HD_BM_3,1,0.522,1
HD_BM_3__TCTCTAATCGGAATCT-1,HD_BM_3,1,0.5229,1
HD_BM_3__TCTCTAATCTGCAGTA-1,HD_BM_3,1,0.5602,1
HD_BM_3__TCTGAGAAGATAGCAT-1,HD_BM_3,1,0.5227,1
HD_BM_3__TCTGAGACAGCGTCCA-1,HD_BM_3,1,0.6302,1
HD_BM_3__TCTGAGAGTCCTGCTT-1,HD_BM_3,1,0.5635,1
HD_BM_3__TCTGAGAGTTGACGTT-1,HD_BM_3,1,0.5352,1
HD_BM_3__TCTGAGATCACTTCAT-1,HD_BM_3,1,0.5559,1
HD_BM_3__TCTGAGATCAGAGGTG-1,HD_BM_3,1,0.5637,1
HD_BM_3__TCTGGAAAGAGTGACC-1,HD_BM_3,2,0.8071,1
HD_BM_3__TCTGGAACACGAGAGT-1,HD_BM_3,1,0.5918,1
HD_BM_3__TCTGGAAGTTGTACAC-1,HD_BM_3,1,0.7171,1
HD_BM_3__TCTGGAATCCAGTATG-1,HD_BM_3,1,0.5187,1
HD_BM_3__TCTGGAATCCGTTGTC-1,HD_BM_3,2,0.7768,1
HD_BM_3__TCTTCGGAGAACAACT-1,HD_BM_3,2,0.7862,1
HD_BM_3__TCTTCGGGTGCATCTA-1,HD_BM_3,1,0.5766,1
HD_BM_3__TCTTCGGGTTACCAGT-1,HD_BM_3,1,0.4621,1
HD_BM_3__TCTTTCCCACACCGAC-1,HD_BM_3,1,0.5218,1
HD_BM_3__TCTTTCCCAGGCGATA-1,HD_BM_3,1,0.576,1
HD_BM_3__TCTTTCCTCTTCAACT-1,HD_BM_3,1,0.5062,1
HD_BM_3__TGAAAGAAGAATGTTG-1,HD_BM_3,1,0.5415,1
HD_BM_3__TGAAAGAAGCCAGAAC-1,HD_BM_3,2,0.8534,1
HD_BM_3__TGAAAGAAGTGAATTG-1,HD_BM_3,1,0.5226,1
HD_BM_3__TGAAAGATCGTCTGCT-1,HD_BM_3,2,0.7843,1
HD_BM_3__TGACAACCACTAAGTC-1,HD_BM_3,1,0.5435,1
HD_BM_3__TGACAACCAGACAAGC-1,HD_BM_3,1,0.5759,1
HD_BM_3__TGACAACGTTCTGAAC-1,HD_BM_3,1,0.5479,1
HD_BM_3__TGACAACTCAACGGGA-1,HD_BM_3,1,0.5394,1
HD_BM_3__TGACAACTCATCACCC-1,HD_BM_3,1,0.5601,1
HD_BM_3__TGACGGCAGTTCGCGC-1,HD_BM_3,1,0.6197,1
HD_BM_3__TGACGGCCACTTAAGC-1,HD_BM_3,1,0.523,1
HD_BM_3__TGACTAGTCATGGTCA-1,HD_BM_3,1,0.5924,1
HD_BM_3__TGACTAGTCGCCAAAT-1,HD_BM_3,2,0.8108,1
HD_BM_3__TGACTTTGTAGGGTAC-1,HD_BM_3,1,0.5102,1
HD_BM_3__TGACTTTGTTCCCTTG-1,HD_BM_3,2,0.8162,1
HD_BM_3__TGAGAGGAGATTACCC-1,HD_BM_3,2,0.5059,1
HD_BM_3__TGAGAGGAGTCCGTAT-1,HD_BM_3,1,0.5347,1
HD_BM_3__TGAGAGGCACATCTTT-1,HD_BM_3,1,0.5309,1
HD_BM_3__TGAGAGGCATTGAGCT-1,HD_BM_3,1,0.5267,1
HD_BM_3__TGAGCCGAGCTAAACA-1,HD_BM_3,1,0.5142,1
HD_BM_3__TGAGCCGCATGGTCAT-1,HD_BM_3,1,0.5839,1
HD_BM_3__TGAGCCGCATGTCCTC-1,HD_BM_3,2,0.8505,1
HD_BM_3__TGAGCCGGTAGGAGTC-1,HD_BM_3,1,0.4727,1
HD_BM_3__TGAGCCGTCACAGTAC-1,HD_BM_3,1,0.5758,1
HD_BM_3__TGAGCCGTCTGTTGAG-1,HD_BM_3,1,0.768,1
HD_BM_3__TGAGGGAAGTGTCCAT-1,HD_BM_3,1,0.502,1
HD_BM_3__TGAGGGACACTCTGTC-1,HD_BM_3,1,0.5434,1
HD_BM_3__TGAGGGACATACCATG-1,HD_BM_3,1,0.5144,1
HD_BM_3__TGAGGGATCATGGTCA-1,HD_BM_3,1,0.527,1
HD_BM_3__TGAGGGATCTGTACGA-1,HD_BM_3,1,0.5311,1
HD_BM_3__TGATTTCAGACTGGGT-1,HD_BM_3,1,0.5803,1
HD_BM_3__TGATTTCAGGCTCAGA-1,HD_BM_3,1,0.5642,1
HD_BM_3__TGATTTCCACTCAGGC-1,HD_BM_3,1,0.5635,1
HD_BM_3__TGATTTCGTGTTTGTG-1,HD_BM_3,1,0.5146,1
HD_BM_3__TGATTTCTCCTGCAGG-1,HD_BM_3,1,0.5431,1
HD_BM_3__TGATTTCTCTGGGCCA-1,HD_BM_3,1,0.5314,1
HD_BM_3__TGCACCTAGAATTCCC-1,HD_BM_3,1,0.5187,1
HD_BM_3__TGCACCTAGCCGGTAA-1,HD_BM_3,1,0.5125,1
HD_BM_3__TGCACCTAGGTGATTA-1,HD_BM_3,1,0.5354,1
HD_BM_3__TGCACCTCAATAGAGT-1,HD_BM_3,1,0.5806,1
HD_BM_3__TGCACCTGTCTCGTTC-1,HD_BM_3,1,0.5188,1
HD_BM_3__TGCACCTTCCTGTACC-1,HD_BM_3,1,0.5807,1
HD_BM_3__TGCACCTTCGGAGCAA-1,HD_BM_3,2,0.8434,1
HD_BM_3__TGCACCTTCTGCGTAA-1,HD_BM_3,1,0.5397,1
HD_BM_3__TGCCAAACACTTGGAT-1,HD_BM_3,1,0.6038,1
HD_BM_3__TGCCAAACAGCGATCC-1,HD_BM_3,1,0.644,1
HD_BM_3__TGCCCATGTGGACGAT-1,HD_BM_3,2,0.7481,1
HD_BM_3__TGCCCTAAGATCCCGC-1,HD_BM_3,2,0.8365,1
HD_BM_3__TGCCCTAAGATTACCC-1,HD_BM_3,1,0.6165,1
HD_BM_3__TGCCCTAAGTGTACCT-1,HD_BM_3,1,0.5181,1
HD_BM_3__TGCCCTAGTAGAGCTG-1,HD_BM_3,1,0.5393,1
HD_BM_3__TGCCCTATCAAACCGT-1,HD_BM_3,1,0.568,1
HD_BM_3__TGCGCAGAGCTCCCAG-1,HD_BM_3,2,0.7114,1
HD_BM_3__TGCGCAGAGTTGTAGA-1,HD_BM_3,2,0.9962,1
HD_BM_3__TGCGCAGCAATCTGCA-1,HD_BM_3,2,0.7848,1
HD_BM_3__TGCGCAGCACCCATGG-1,HD_BM_3,1,0.5264,1
HD_BM_3__TGCGCAGCAGGGTATG-1,HD_BM_3,2,0.4762,1
HD_BM_3__TGCGCAGGTCGGCACT-1,HD_BM_3,2,0.981,1
HD_BM_3__TGCGCAGTCGCCTGTT-1,HD_BM_3,1,0.5145,1
HD_BM_3__TGCGGGTAGGAATCGC-1,HD_BM_3,1,0.5557,1
HD_BM_3__TGCGGGTCAATCCGAT-1,HD_BM_3,1,0.559,1
HD_BM_3__TGCGGGTCACGCTTTC-1,HD_BM_3,2,0.7495,1
HD_BM_3__TGCGGGTCAGCCAGAA-1,HD_BM_3,1,0.556,1
HD_BM_3__TGCGGGTCAGCCTTTC-1,HD_BM_3,1,0.5559,1
HD_BM_3__TGCGGGTGTACCGGCT-1,HD_BM_3,1,0.494,1
HD_BM_3__TGCGGGTGTGCAGGTA-1,HD_BM_3,2,0.8152,1
HD_BM_3__TGCGTGGCACCGCTAG-1,HD_BM_3,1,0.7401,1
HD_BM_3__TGCGTGGCATAGACTC-1,HD_BM_3,1,0.5721,1
HD_BM_3__TGCGTGGGTGTGCCTG-1,HD_BM_3,1,0.4324,1
HD_BM_3__TGCGTGGTCTTAGCCC-1,HD_BM_3,1,0.5474,1
HD_BM_3__TGCTACCCATGACATC-1,HD_BM_3,2,0.9876,1
HD_BM_3__TGCTACCGTTAAGTAG-1,HD_BM_3,2,0.7252,1
HD_BM_3__TGCTGCTAGATATGCA-1,HD_BM_3,1,0.5309,1
HD_BM_3__TGCTGCTAGTTAACGA-1,HD_BM_3,2,0.7687,1
HD_BM_3__TGCTGCTGTCTAGGTT-1,HD_BM_3,1,0.6043,1
HD_BM_3__TGGACGCAGACGACGT-1,HD_BM_3,1,0.5186,1
HD_BM_3__TGGACGCCACAGATTC-1,HD_BM_3,1,0.5722,1
HD_BM_3__TGGACGCTCCTGTACC-1,HD_BM_3,1,0.5146,1
HD_BM_3__TGGCCAGTCATACGGT-1,HD_BM_3,2,0.841,1
HD_BM_3__TGGCGCACACTAGTAC-1,HD_BM_3,1,0.5186,1
HD_BM_3__TGGCGCAGTCAAAGAT-1,HD_BM_3,1,0.564,1
HD_BM_3__TGGCGCAGTCGCCATG-1,HD_BM_3,1,0.5512,1
HD_BM_3__TGGCGCATCCCGACTT-1,HD_BM_3,2,0.8011,1
HD_BM_3__TGGCTGGAGAGAGCTC-1,HD_BM_3,1,0.5346,1
HD_BM_3__TGGCTGGAGGTGTGGT-1,HD_BM_3,1,0.5289,1
HD_BM_3__TGGCTGGAGTGGTCCC-1,HD_BM_3,1,0.6154,1
HD_BM_3__TGGCTGGCAGTTCCCT-1,HD_BM_3,1,0.5764,1
HD_BM_3__TGGCTGGCATGCCTTC-1,HD_BM_3,1,0.5273,1
HD_BM_3__TGGCTGGTCCACGAAT-1,HD_BM_3,1,0.5231,1
HD_BM_3__TGGGAAGAGTCGTACT-1,HD_BM_3,1,0.5296,1
HD_BM_3__TGGGAAGAGTGTTGAA-1,HD_BM_3,2,0.828,1
HD_BM_3__TGGGAAGCAGGGTATG-1,HD_BM_3,2,0.5119,1
HD_BM_3__TGGGAAGCATCCAACA-1,HD_BM_3,1,0.5554,1
HD_BM_3__TGGGAAGCATCGGGTC-1,HD_BM_3,1,0.5225,1
HD_BM_3__TGGGCGTAGGACATTA-1,HD_BM_3,1,0.5269,1
HD_BM_3__TGGGCGTAGGATCGCA-1,HD_BM_3,1,0.5396,1
HD_BM_3__TGGGCGTGTAATCGTC-1,HD_BM_3,2,0.9809,1
HD_BM_3__TGGTTAGCAGTCACTA-1,HD_BM_3,2,0.9786,1
HD_BM_3__TGGTTAGCATAGTAAG-1,HD_BM_3,1,0.5185,1
HD_BM_3__TGGTTAGGTAGCTTGT-1,HD_BM_3,1,0.5227,1
HD_BM_3__TGGTTAGGTTCAGTAC-1,HD_BM_3,1,0.5311,1
HD_BM_3__TGGTTAGTCGAATCCA-1,HD_BM_3,1,0.531,1
HD_BM_3__TGGTTCCCACACCGAC-1,HD_BM_3,1,0.5639,1
HD_BM_3__TGGTTCCCATCGGAAG-1,HD_BM_3,2,0.7345,1
HD_BM_3__TGGTTCCCATTAACCG-1,HD_BM_3,1,0.5148,1
HD_BM_3__TGGTTCCGTACTTGAC-1,HD_BM_3,1,0.5106,1
HD_BM_3__TGGTTCCGTCCGCTGA-1,HD_BM_3,1,0.523,1
HD_BM_3__TGTATTCAGCCGGTAA-1,HD_BM_3,1,0.5345,1
HD_BM_3__TGTATTCCAGGTCGTC-1,HD_BM_3,1,0.5601,1
HD_BM_3__TGTATTCGTTCCCTTG-1,HD_BM_3,1,0.5228,1
HD_BM_3__TGTCCCAAGATGTGTA-1,HD_BM_3,1,0.5882,1
HD_BM_3__TGTCCCACAGATGAGC-1,HD_BM_3,1,0.7545,1
HD_BM_3__TGTCCCATCCTGCTTG-1,HD_BM_3,1,0.5062,1
HD_BM_3__TGTCCCATCTACCTGC-1,HD_BM_3,1,0.5228,1
HD_BM_3__TGTGGTAAGTATCTCG-1,HD_BM_3,1,0.5229,1
HD_BM_3__TGTGGTACAATAAGCA-1,HD_BM_3,2,0.8303,1
HD_BM_3__TGTGGTACACCCATTC-1,HD_BM_3,1,0.5473,1
HD_BM_3__TGTGGTACAGATGGCA-1,HD_BM_3,1,0.5472,1
HD_BM_3__TGTGGTATCCTTGGTC-1,HD_BM_3,1,0.523,1
HD_BM_3__TGTGGTATCGTCTGAA-1,HD_BM_3,1,0.5145,1
HD_BM_3__TGTGTTTCACACAGAG-1,HD_BM_3,1,0.6264,1
HD_BM_3__TGTGTTTCAGGCAGTA-1,HD_BM_3,1,0.5474,1
HD_BM_3__TGTGTTTGTGAGTGAC-1,HD_BM_3,1,0.5555,1
HD_BM_3__TGTGTTTGTGGCGAAT-1,HD_BM_3,1,0.5761,1
HD_BM_3__TGTTCCGCAAAGCAAT-1,HD_BM_3,1,0.6789,1
HD_BM_3__TGTTCCGCATCTCGCT-1,HD_BM_3,1,0.5395,1
HD_BM_3__TGTTCCGGTTCAGGCC-1,HD_BM_3,1,0.5601,1
HD_BM_3__TGTTCCGTCGGAATCT-1,HD_BM_3,1,0.5021,1
HD_BM_3__TTAACTCAGGATCGCA-1,HD_BM_3,1,0.7042,1
HD_BM_3__TTAGGACAGAAGATTC-1,HD_BM_3,2,0.7587,1
HD_BM_3__TTAGGACAGCACGCCT-1,HD_BM_3,1,0.639,1
HD_BM_3__TTAGGACCAGATGGGT-1,HD_BM_3,1,0.5226,1
HD_BM_3__TTAGGACGTCCTGCTT-1,HD_BM_3,2,0.8625,1
HD_BM_3__TTAGGACTCTGACCTC-1,HD_BM_3,1,0.5189,1
HD_BM_3__TTAGGCAGTCTCAACA-1,HD_BM_3,1,0.5685,1
HD_BM_3__TTAGTTCCAATGTTGC-1,HD_BM_3,2,0.7984,1
HD_BM_3__TTAGTTCGTCATGCCG-1,HD_BM_3,1,0.5845,1
HD_BM_3__TTAGTTCTCGCATGGC-1,HD_BM_3,1,0.5022,1
HD_BM_3__TTAGTTCTCTTTAGGG-1,HD_BM_3,1,0.535,1
HD_BM_3__TTATGCTAGATGTGTA-1,HD_BM_3,2,0.7916,1
HD_BM_3__TTATGCTCAAACCCAT-1,HD_BM_3,1,0.5017,1
HD_BM_3__TTATGCTCAGCTATTG-1,HD_BM_3,1,0.531,1
HD_BM_3__TTATGCTTCGAGCCCA-1,HD_BM_3,1,0.5056,1
HD_BM_3__TTCCCAGAGTCTCAAC-1,HD_BM_3,1,0.6238,1
HD_BM_3__TTCCCAGCACCGAATT-1,HD_BM_3,1,0.5475,1
HD_BM_3__TTCGAAGCAGATGGCA-1,HD_BM_3,1,0.5516,1
HD_BM_3__TTCGAAGCATGGTCAT-1,HD_BM_3,1,0.5998,1
HD_BM_3__TTCGAAGTCCAGAGGA-1,HD_BM_3,2,0.8312,1
HD_BM_3__TTCGAAGTCGCGGATC-1,HD_BM_3,1,0.5183,1
HD_BM_3__TTCGGTCAGAAAGTGG-1,HD_BM_3,1,0.5871,1
HD_BM_3__TTCGGTCTCAGGTAAA-1,HD_BM_3,1,0.509,1
HD_BM_3__TTCTACAGTAGCTCCG-1,HD_BM_3,1,0.5521,1
HD_BM_3__TTCTACAGTTCTGTTT-1,HD_BM_3,1,0.5143,1
HD_BM_3__TTCTACATCCACTGGG-1,HD_BM_3,2,0.51,1
HD_BM_3__TTCTCAAAGAAGGGTA-1,HD_BM_3,1,0.5715,1
HD_BM_3__TTCTCAAGTGCAGACA-1,HD_BM_3,1,0.6127,1
HD_BM_3__TTCTCAATCCAAGCCG-1,HD_BM_3,1,0.5268,1
HD_BM_3__TTCTCAATCGGCGCTA-1,HD_BM_3,2,0.583,1
HD_BM_3__TTCTCAATCTAACTCT-1,HD_BM_3,1,0.5595,1
HD_BM_3__TTCTCCTAGATGGGTC-1,HD_BM_3,2,0.8134,1
HD_BM_3__TTCTCCTAGTACGTAA-1,HD_BM_3,2,0.5059,1
HD_BM_3__TTCTCCTTCGTACCGG-1,HD_BM_3,2,0.8514,1
HD_BM_3__TTCTCCTTCTGCCCTA-1,HD_BM_3,1,0.5304,1
HD_BM_3__TTCTTAGAGCGTAGTG-1,HD_BM_3,1,0.5168,1
HD_BM_3__TTCTTAGGTGGTAACG-1,HD_BM_3,2,0.7975,1
HD_BM_3__TTCTTAGTCAGATAAG-1,HD_BM_3,1,0.6078,1
HD_BM_3__TTGAACGAGCCAACAG-1,HD_BM_3,1,0.5957,1
HD_BM_3__TTGACTTTCAACGGCC-1,HD_BM_3,1,0.5559,1
HD_BM_3__TTGACTTTCCGCATAA-1,HD_BM_3,1,0.5718,1
HD_BM_3__TTGCCGTAGACAATAC-1,HD_BM_3,1,0.5312,1
HD_BM_3__TTGCCGTAGTACACCT-1,HD_BM_3,1,0.5229,1
HD_BM_3__TTGCCGTCAAATACAG-1,HD_BM_3,1,0.5683,1
HD_BM_3__TTGCCGTGTAAGGGCT-1,HD_BM_3,1,0.5596,1
HD_BM_3__TTGCCGTGTTAAGTAG-1,HD_BM_3,2,0.7984,1
HD_BM_3__TTGCCGTTCACCACCT-1,HD_BM_3,2,0.51,1
HD_BM_3__TTGCCGTTCGAATGGG-1,HD_BM_3,2,0.8648,1
HD_BM_3__TTGCGTCCACGGACAA-1,HD_BM_3,1,0.5061,1
HD_BM_3__TTGCGTCCAGATCGGA-1,HD_BM_3,1,0.5716,1
HD_BM_3__TTGGCAAAGGAATGGA-1,HD_BM_3,1,0.5226,1
HD_BM_3__TTGGCAACAAGTCTGT-1,HD_BM_3,1,0.6582,1
HD_BM_3__TTGGCAAGTCACTGGC-1,HD_BM_3,1,0.5562,1
HD_BM_3__TTGGCAATCCGCGTTT-1,HD_BM_3,2,0.7914,1
HD_BM_3__TTGTAGGGTAGGGTAC-1,HD_BM_3,1,0.5104,1
HD_BM_3__TTGTAGGTCCTAGGGC-1,HD_BM_3,1,0.5559,1
HD_BM_3__TTGTAGGTCGGAAATA-1,HD_BM_3,1,0.5798,1
HD_BM_3__TTTACTGAGTTAGGTA-1,HD_BM_3,1,0.5311,1
HD_BM_3__TTTACTGCACAGAGGT-1,HD_BM_3,1,0.5923,1
HD_BM_3__TTTACTGCAGAGTGTG-1,HD_BM_3,1,0.6194,1
HD_BM_3__TTTACTGGTTGCCTCT-1,HD_BM_3,1,0.5353,1
HD_BM_3__TTTATGCAGTGGCACA-1,HD_BM_3,2,0.8489,1
HD_BM_3__TTTATGCCAAACTGTC-1,HD_BM_3,1,0.5766,1
HD_BM_3__TTTATGCCACCACCAG-1,HD_BM_3,1,0.6204,1
HD_BM_3__TTTATGCTCTAGCACA-1,HD_BM_3,1,0.5064,1
HD_BM_3__TTTCCTCAGTCAAGCG-1,HD_BM_3,2,0.7664,1
HD_BM_3__TTTCCTCCACGGATAG-1,HD_BM_3,1,0.5561,1
HD_BM_3__TTTCCTCCACGGTAAG-1,HD_BM_3,1,0.556,1
HD_BM_3__TTTCCTCTCCCTCTTT-1,HD_BM_3,1,0.5185,1
HD_BM_3__TTTCCTCTCGAATGGG-1,HD_BM_3,1,0.5063,1
HD_BM_3__TTTCCTCTCTTTACGT-1,HD_BM_3,1,0.5188,1
HD_BM_3__TTTGCGCCAAAGAATC-1,HD_BM_3,1,0.5679,1
HD_BM_3__TTTGCGCCAAGCGCTC-1,HD_BM_3,1,0.5062,1
HD_BM_3__TTTGCGCCAAGCTGTT-1,HD_BM_3,1,0.5438,1
HD_BM_3__TTTGCGCCACCAGGCT-1,HD_BM_3,1,0.5644,1
HD_BM_3__TTTGCGCCAGACGCCT-1,HD_BM_3,1,0.5476,1
HD_BM_3__TTTGGTTAGCATCATC-1,HD_BM_3,1,0.5352,1
HD_BM_3__TTTGGTTAGCGTAATA-1,HD_BM_3,1,0.6803,1
HD_BM_3__TTTGGTTTCGTTACGA-1,HD_BM_3,1,0.5312,1
HD_BM_3__TTTGTCACAAGGTTTC-1,HD_BM_3,1,0.5478,1
HD_BM_3__TTTGTCACACATCCAA-1,HD_BM_3,2,0.487,1
HD_BM_3__TTTGTCAGTCGACTGC-1,HD_BM_3,1,0.5991,1
HD_BM_3__TTTGTCATCAAAGACA-1,HD_BM_3,1,0.5559,1
HD_BM_3__TTTGTCATCCACTCCA-1,HD_BM_3,1,0.5105,1
HD_BM_3__TTTGTCATCTGCTGTC-1,HD_BM_3,1,0.5187,1
